0,0,0,0,0,0,0,0,0,0,0,0,0,0,0,0,0,0,0,0,0,0,0,0,0,0,0,0,0,0,0,0,0,0,0,0,0,0,0,0,0,0,0,0,0,0,0,0,0,0,0,0,0,0,0,0,0,0,0,0,0,0,0,0,0,0,0,0,0,0,0,0,0,0,0,0,0,0,0,0,0,0,0,0,0,0,0,0,0,0,0,0,0,0,0,0,0,0,0,0,0,0,0,0,0,0,0,0,0,0,0,0,0,0,0,0,0,0,0,0,0,0,0,0,0,0,0,0,51,159,253,159,50,0,0,0,0,0,0,0,0,0,0,0,0,0,0,0,0,0,0,0,0,0,0,48,238,252,252,252,237,0,0,0,0,0,0,0,0,0,0,0,0,0,0,0,0,0,0,0,0,0,54,227,253,252,239,233,252,57,6,0,0,0,0,0,0,0,0,0,0,0,0,0,0,0,0,0,10,60,224,252,253,252,202,84,252,253,122,0,0,0,0,0,0,0,0,0,0,0,0,0,0,0,0,0,163,252,252,252,253,252,252,96,189,253,167,0,0,0,0,0,0,0,0,0,0,0,0,0,0,0,0,51,238,253,253,190,114,253,228,47,79,255,168,0,0,0,0,0,0,0,0,0,0,0,0,0,0,0,48,238,252,252,179,12,75,121,21,0,0,253,243,50,0,0,0,0,0,0,0,0,0,0,0,0,0,38,165,253,233,208,84,0,0,0,0,0,0,253,252,165,0,0,0,0,0,0,0,0,0,0,0,0,7,178,252,240,71,19,28,0,0,0,0,0,0,253,252,195,0,0,0,0,0,0,0,0,0,0,0,0,57,252,252,63,0,0,0,0,0,0,0,0,0,253,252,195,0,0,0,0,0,0,0,0,0,0,0,0,198,253,190,0,0,0,0,0,0,0,0,0,0,255,253,196,0,0,0,0,0,0,0,0,0,0,0,76,246,252,112,0,0,0,0,0,0,0,0,0,0,253,252,148,0,0,0,0,0,0,0,0,0,0,0,85,252,230,25,0,0,0,0,0,0,0,0,7,135,253,186,12,0,0,0,0,0,0,0,0,0,0,0,85,252,223,0,0,0,0,0,0,0,0,7,131,252,225,71,0,0,0,0,0,0,0,0,0,0,0,0,85,252,145,0,0,0,0,0,0,0,48,165,252,173,0,0,0,0,0,0,0,0,0,0,0,0,0,0,86,253,225,0,0,0,0,0,0,114,238,253,162,0,0,0,0,0,0,0,0,0,0,0,0,0,0,0,85,252,249,146,48,29,85,178,225,253,223,167,56,0,0,0,0,0,0,0,0,0,0,0,0,0,0,0,85,252,252,252,229,215,252,252,252,196,130,0,0,0,0,0,0,0,0,0,0,0,0,0,0,0,0,0,28,199,252,252,253,252,252,233,145,0,0,0,0,0,0,0,0,0,0,0,0,0,0,0,0,0,0,0,0,25,128,252,253,252,141,37,0,0,0,0,0,0,0,0,0,0,0,0,0,0,0,0,0,0,0,0,0,0,0,0,0,0,0,0,0,0,0,0,0,0,0,0,0,0,0,0,0,0,0,0,0,0,0,0,0,0,0,0,0,0,0,0,0,0,0,0,0,0,0,0,0,0,0,0,0,0,0,0,0,0,0,0,0,0,0,0,0,0,0,0,0,0,0,0,0,0,0,0,0,0,0,0,0,0,0,0,0,0,0,0,0,0,0,0,0,0,0,0,0,0,0,0,0,0,0,0,0,0,0,0,0,0
1,0,0,0,0,0,0,0,0,0,0,0,0,0,0,0,0,0,0,0,0,0,0,0,0,0,0,0,0,0,0,0,0,0,0,0,0,0,0,0,0,0,0,0,0,0,0,0,0,0,0,0,0,0,0,0,0,0,0,0,0,0,0,0,0,0,0,0,0,0,0,0,0,0,0,0,0,0,0,0,0,0,0,0,0,0,0,0,0,0,0,0,0,0,0,0,0,0,0,0,0,0,0,0,0,0,0,0,0,0,0,0,0,0,0,0,0,0,0,0,0,0,0,0,0,0,0,0,0,0,0,0,0,0,0,0,0,0,0,0,0,0,0,0,0,0,0,0,0,0,0,0,0,0,0,0,0,0,0,124,253,255,63,0,0,0,0,0,0,0,0,0,0,0,0,0,0,0,0,0,0,0,0,0,0,0,96,244,251,253,62,0,0,0,0,0,0,0,0,0,0,0,0,0,0,0,0,0,0,0,0,0,0,0,127,251,251,253,62,0,0,0,0,0,0,0,0,0,0,0,0,0,0,0,0,0,0,0,0,0,0,68,236,251,211,31,8,0,0,0,0,0,0,0,0,0,0,0,0,0,0,0,0,0,0,0,0,0,60,228,251,251,94,0,0,0,0,0,0,0,0,0,0,0,0,0,0,0,0,0,0,0,0,0,0,0,155,253,253,189,0,0,0,0,0,0,0,0,0,0,0,0,0,0,0,0,0,0,0,0,0,0,0,20,253,251,235,66,0,0,0,0,0,0,0,0,0,0,0,0,0,0,0,0,0,0,0,0,0,0,32,205,253,251,126,0,0,0,0,0,0,0,0,0,0,0,0,0,0,0,0,0,0,0,0,0,0,0,104,251,253,184,15,0,0,0,0,0,0,0,0,0,0,0,0,0,0,0,0,0,0,0,0,0,0,80,240,251,193,23,0,0,0,0,0,0,0,0,0,0,0,0,0,0,0,0,0,0,0,0,0,0,32,253,253,253,159,0,0,0,0,0,0,0,0,0,0,0,0,0,0,0,0,0,0,0,0,0,0,0,151,251,251,251,39,0,0,0,0,0,0,0,0,0,0,0,0,0,0,0,0,0,0,0,0,0,0,48,221,251,251,172,0,0,0,0,0,0,0,0,0,0,0,0,0,0,0,0,0,0,0,0,0,0,0,234,251,251,196,12,0,0,0,0,0,0,0,0,0,0,0,0,0,0,0,0,0,0,0,0,0,0,0,253,251,251,89,0,0,0,0,0,0,0,0,0,0,0,0,0,0,0,0,0,0,0,0,0,0,0,159,255,253,253,31,0,0,0,0,0,0,0,0,0,0,0,0,0,0,0,0,0,0,0,0,0,0,48,228,253,247,140,8,0,0,0,0,0,0,0,0,0,0,0,0,0,0,0,0,0,0,0,0,0,0,64,251,253,220,0,0,0,0,0,0,0,0,0,0,0,0,0,0,0,0,0,0,0,0,0,0,0,0,64,251,253,220,0,0,0,0,0,0,0,0,0,0,0,0,0,0,0,0,0,0,0,0,0,0,0,0,24,193,253,220,0,0,0,0,0,0,0,0,0,0,0,0,0,0,0,0,0,0,0,0,0,0,0,0,0,0,0,0,0,0,0,0,0,0,0,0,0,0,0,0,0,0,0,0,0,0,0,0,0,0,0,0,0,0,0,0,0,0,0,0,0,0,0,0,0,0,0,0,0,0,0,0,0,0,0,0,0,0,0,0,0,0,0,0,0,0,0,0,0,0,0,0,0,0,0,0,0,0,0,0
2,0,0,0,0,0,0,0,0,0,0,0,0,0,0,0,0,0,0,0,0,0,0,0,0,0,0,0,0,0,0,0,0,0,0,0,0,0,0,0,0,0,0,0,0,0,0,0,0,0,0,0,0,0,0,0,0,0,0,0,0,0,0,0,0,0,0,0,0,0,0,0,0,0,0,0,0,0,0,0,0,0,0,0,0,0,0,0,0,0,0,0,0,0,0,0,0,0,0,0,0,0,0,0,0,0,0,0,0,0,0,0,0,0,0,0,0,0,0,0,0,0,0,0,0,0,0,0,0,0,0,0,0,0,0,0,0,0,0,0,0,0,0,0,0,0,0,0,0,0,0,0,0,0,0,0,13,25,100,122,7,0,0,0,0,0,0,0,0,0,0,0,0,0,0,0,0,0,0,0,0,0,33,151,208,252,252,252,146,0,0,0,0,0,0,0,0,0,0,0,0,0,0,0,0,0,0,0,40,152,244,252,253,224,211,252,232,40,0,0,0,0,0,0,0,0,0,0,0,0,0,0,0,0,15,152,239,252,252,252,216,31,37,252,252,60,0,0,0,0,0,0,0,0,0,0,0,0,0,0,0,0,96,252,252,252,252,217,29,0,37,252,252,60,0,0,0,0,0,0,0,0,0,0,0,0,0,0,0,0,181,252,252,220,167,30,0,0,77,252,252,60,0,0,0,0,0,0,0,0,0,0,0,0,0,0,0,0,26,128,58,22,0,0,0,0,100,252,252,60,0,0,0,0,0,0,0,0,0,0,0,0,0,0,0,0,0,0,0,0,0,0,0,0,157,252,252,60,0,0,0,0,0,0,0,0,0,0,0,0,0,0,0,0,0,0,0,0,110,121,122,121,202,252,194,3,0,0,0,0,0,0,0,0,0,0,0,0,0,0,0,0,0,10,53,179,253,253,255,253,253,228,35,0,0,0,0,0,0,0,0,0,0,0,0,0,0,0,0,5,54,227,252,243,228,170,242,252,252,231,117,6,0,0,0,0,0,0,0,0,0,0,0,0,0,0,6,78,252,252,125,59,0,18,208,252,252,252,252,87,7,0,0,0,0,0,0,0,0,0,0,0,0,5,135,252,252,180,16,0,21,203,253,247,129,173,252,252,184,66,49,49,0,0,0,0,0,0,0,0,3,136,252,241,106,17,0,53,200,252,216,65,0,14,72,163,241,252,252,223,0,0,0,0,0,0,0,0,105,252,242,88,18,73,170,244,252,126,29,0,0,0,0,0,89,180,180,37,0,0,0,0,0,0,0,0,231,252,245,205,216,252,252,252,124,3,0,0,0,0,0,0,0,0,0,0,0,0,0,0,0,0,0,0,207,252,252,252,252,178,116,36,4,0,0,0,0,0,0,0,0,0,0,0,0,0,0,0,0,0,0,0,13,93,143,121,23,6,0,0,0,0,0,0,0,0,0,0,0,0,0,0,0,0,0,0,0,0,0,0,0,0,0,0,0,0,0,0,0,0,0,0,0,0,0,0,0,0,0,0,0,0,0,0,0,0,0,0,0,0,0,0,0,0,0,0,0,0,0,0,0,0,0,0,0,0,0,0,0,0,0,0,0,0,0,0,0,0,0,0,0,0,0,0,0,0,0,0,0,0,0,0,0,0,0,0,0,0,0,0,0,0,0,0,0,0,0,0,0,0,0,0,0,0,0,0,0,0,0,0,0,0,0,0,0,0,0,0,0,0,0,0,0,0,0,0,0,0,0,0,0,0,0,0,0,0,0,0,0,0,0,0,0,0,0
1,0,0,0,0,0,0,0,0,0,0,0,0,0,0,0,0,0,0,0,0,0,0,0,0,0,0,0,0,0,0,0,0,0,0,0,0,0,0,0,0,0,0,0,0,0,0,0,0,0,0,0,0,0,0,0,0,0,0,0,0,0,0,0,0,0,0,0,0,0,0,0,0,0,0,0,0,0,0,0,0,0,0,0,0,0,0,0,0,0,0,0,0,0,0,0,0,0,0,0,0,0,0,0,0,0,0,0,0,0,0,0,0,0,0,0,0,0,0,0,0,0,0,0,0,145,255,211,31,0,0,0,0,0,0,0,0,0,0,0,0,0,0,0,0,0,0,0,0,0,0,0,32,237,253,252,71,0,0,0,0,0,0,0,0,0,0,0,0,0,0,0,0,0,0,0,0,0,0,0,11,175,253,252,71,0,0,0,0,0,0,0,0,0,0,0,0,0,0,0,0,0,0,0,0,0,0,0,0,144,253,252,71,0,0,0,0,0,0,0,0,0,0,0,0,0,0,0,0,0,0,0,0,0,0,0,16,191,253,252,71,0,0,0,0,0,0,0,0,0,0,0,0,0,0,0,0,0,0,0,0,0,0,0,26,221,253,252,124,31,0,0,0,0,0,0,0,0,0,0,0,0,0,0,0,0,0,0,0,0,0,0,0,125,253,252,252,108,0,0,0,0,0,0,0,0,0,0,0,0,0,0,0,0,0,0,0,0,0,0,0,0,253,252,252,108,0,0,0,0,0,0,0,0,0,0,0,0,0,0,0,0,0,0,0,0,0,0,0,0,255,253,253,108,0,0,0,0,0,0,0,0,0,0,0,0,0,0,0,0,0,0,0,0,0,0,0,0,253,252,252,108,0,0,0,0,0,0,0,0,0,0,0,0,0,0,0,0,0,0,0,0,0,0,0,0,253,252,252,108,0,0,0,0,0,0,0,0,0,0,0,0,0,0,0,0,0,0,0,0,0,0,0,0,253,252,252,108,0,0,0,0,0,0,0,0,0,0,0,0,0,0,0,0,0,0,0,0,0,0,0,0,255,253,253,170,0,0,0,0,0,0,0,0,0,0,0,0,0,0,0,0,0,0,0,0,0,0,0,0,253,252,252,252,42,0,0,0,0,0,0,0,0,0,0,0,0,0,0,0,0,0,0,0,0,0,0,0,149,252,252,252,144,0,0,0,0,0,0,0,0,0,0,0,0,0,0,0,0,0,0,0,0,0,0,0,109,252,252,252,144,0,0,0,0,0,0,0,0,0,0,0,0,0,0,0,0,0,0,0,0,0,0,0,0,218,253,253,255,35,0,0,0,0,0,0,0,0,0,0,0,0,0,0,0,0,0,0,0,0,0,0,0,175,252,252,253,35,0,0,0,0,0,0,0,0,0,0,0,0,0,0,0,0,0,0,0,0,0,0,0,73,252,252,253,35,0,0,0,0,0,0,0,0,0,0,0,0,0,0,0,0,0,0,0,0,0,0,0,31,211,252,253,35,0,0,0,0,0,0,0,0,0,0,0,0,0,0,0,0,0,0,0,0,0,0,0,0,0,0,0,0,0,0,0,0,0,0,0,0,0,0,0,0,0,0,0,0,0,0,0,0,0,0,0,0,0,0,0,0,0,0,0,0,0,0,0,0,0,0,0,0,0,0,0,0,0,0,0,0,0,0,0,0,0,0,0,0,0,0,0,0,0,0,0,0,0,0,0,0,0,0,0,0,0,0,0,0,0,0,0,0,0,0,0,0,0,0,0,0,0,0,0,0,0
1,0,0,0,0,0,0,0,0,0,0,0,0,0,0,0,0,0,0,0,0,0,0,0,0,0,0,0,0,0,0,0,0,0,0,0,0,0,0,0,0,0,0,0,0,0,0,0,0,0,0,0,0,0,0,0,0,0,0,0,0,0,0,0,0,0,0,0,0,0,0,0,0,0,0,0,0,0,0,0,0,0,0,0,0,0,0,0,0,0,0,0,0,0,0,0,0,0,0,0,0,0,0,0,0,0,0,0,0,0,0,0,0,0,0,0,0,0,0,0,0,0,0,0,0,0,0,0,0,0,0,0,0,0,0,0,0,0,0,0,0,0,0,0,0,0,0,0,0,0,0,0,0,5,63,197,0,0,0,0,0,0,0,0,0,0,0,0,0,0,0,0,0,0,0,0,0,0,0,0,0,20,254,230,24,0,0,0,0,0,0,0,0,0,0,0,0,0,0,0,0,0,0,0,0,0,0,0,0,20,254,254,48,0,0,0,0,0,0,0,0,0,0,0,0,0,0,0,0,0,0,0,0,0,0,0,0,20,254,255,48,0,0,0,0,0,0,0,0,0,0,0,0,0,0,0,0,0,0,0,0,0,0,0,0,20,254,254,57,0,0,0,0,0,0,0,0,0,0,0,0,0,0,0,0,0,0,0,0,0,0,0,0,20,254,254,108,0,0,0,0,0,0,0,0,0,0,0,0,0,0,0,0,0,0,0,0,0,0,0,0,16,239,254,143,0,0,0,0,0,0,0,0,0,0,0,0,0,0,0,0,0,0,0,0,0,0,0,0,0,178,254,143,0,0,0,0,0,0,0,0,0,0,0,0,0,0,0,0,0,0,0,0,0,0,0,0,0,178,254,143,0,0,0,0,0,0,0,0,0,0,0,0,0,0,0,0,0,0,0,0,0,0,0,0,0,178,254,162,0,0,0,0,0,0,0,0,0,0,0,0,0,0,0,0,0,0,0,0,0,0,0,0,0,178,254,240,0,0,0,0,0,0,0,0,0,0,0,0,0,0,0,0,0,0,0,0,0,0,0,0,0,113,254,240,0,0,0,0,0,0,0,0,0,0,0,0,0,0,0,0,0,0,0,0,0,0,0,0,0,83,254,245,31,0,0,0,0,0,0,0,0,0,0,0,0,0,0,0,0,0,0,0,0,0,0,0,0,79,254,246,38,0,0,0,0,0,0,0,0,0,0,0,0,0,0,0,0,0,0,0,0,0,0,0,0,0,214,254,150,0,0,0,0,0,0,0,0,0,0,0,0,0,0,0,0,0,0,0,0,0,0,0,0,0,144,241,8,0,0,0,0,0,0,0,0,0,0,0,0,0,0,0,0,0,0,0,0,0,0,0,0,0,144,240,2,0,0,0,0,0,0,0,0,0,0,0,0,0,0,0,0,0,0,0,0,0,0,0,0,0,144,254,82,0,0,0,0,0,0,0,0,0,0,0,0,0,0,0,0,0,0,0,0,0,0,0,0,0,230,247,40,0,0,0,0,0,0,0,0,0,0,0,0,0,0,0,0,0,0,0,0,0,0,0,0,0,168,209,31,0,0,0,0,0,0,0,0,0,0,0,0,0,0,0,0,0,0,0,0,0,0,0,0,0,0,0,0,0,0,0,0,0,0,0,0,0,0,0,0,0,0,0,0,0,0,0,0,0,0,0,0,0,0,0,0,0,0,0,0,0,0,0,0,0,0,0,0,0,0,0,0,0,0,0,0,0,0,0,0,0,0,0,0,0,0,0,0,0,0,0,0,0,0,0
1,0,0,0,0,0,0,0,0,0,0,0,0,0,0,0,0,0,0,0,0,0,0,0,0,0,0,0,0,0,0,0,0,0,0,0,0,0,0,0,0,0,0,0,0,0,0,0,0,0,0,0,0,0,0,0,0,0,0,0,0,0,0,0,0,0,0,0,0,0,0,0,0,0,0,0,0,0,0,0,0,0,0,0,0,0,0,0,0,0,0,0,0,0,0,0,0,0,0,0,0,0,0,0,0,0,0,0,0,0,0,0,0,0,0,0,0,0,0,0,0,0,0,0,0,0,0,0,0,0,0,0,0,0,0,0,0,0,0,0,0,0,0,0,0,0,0,0,0,0,0,0,1,168,242,28,0,0,0,0,0,0,0,0,0,0,0,0,0,0,0,0,0,0,0,0,0,0,0,0,10,228,254,100,0,0,0,0,0,0,0,0,0,0,0,0,0,0,0,0,0,0,0,0,0,0,0,0,0,190,254,122,0,0,0,0,0,0,0,0,0,0,0,0,0,0,0,0,0,0,0,0,0,0,0,0,0,83,254,162,0,0,0,0,0,0,0,0,0,0,0,0,0,0,0,0,0,0,0,0,0,0,0,0,0,29,254,248,25,0,0,0,0,0,0,0,0,0,0,0,0,0,0,0,0,0,0,0,0,0,0,0,0,29,255,254,103,0,0,0,0,0,0,0,0,0,0,0,0,0,0,0,0,0,0,0,0,0,0,0,0,29,254,254,109,0,0,0,0,0,0,0,0,0,0,0,0,0,0,0,0,0,0,0,0,0,0,0,0,29,254,254,109,0,0,0,0,0,0,0,0,0,0,0,0,0,0,0,0,0,0,0,0,0,0,0,0,29,254,254,109,0,0,0,0,0,0,0,0,0,0,0,0,0,0,0,0,0,0,0,0,0,0,0,0,29,255,254,109,0,0,0,0,0,0,0,0,0,0,0,0,0,0,0,0,0,0,0,0,0,0,0,0,29,254,254,109,0,0,0,0,0,0,0,0,0,0,0,0,0,0,0,0,0,0,0,0,0,0,0,0,29,254,254,63,0,0,0,0,0,0,0,0,0,0,0,0,0,0,0,0,0,0,0,0,0,0,0,0,29,254,254,28,0,0,0,0,0,0,0,0,0,0,0,0,0,0,0,0,0,0,0,0,0,0,0,0,29,254,254,28,0,0,0,0,0,0,0,0,0,0,0,0,0,0,0,0,0,0,0,0,0,0,0,0,29,254,254,35,0,0,0,0,0,0,0,0,0,0,0,0,0,0,0,0,0,0,0,0,0,0,0,0,29,254,254,109,0,0,0,0,0,0,0,0,0,0,0,0,0,0,0,0,0,0,0,0,0,0,0,0,6,212,254,109,0,0,0,0,0,0,0,0,0,0,0,0,0,0,0,0,0,0,0,0,0,0,0,0,0,203,254,178,0,0,0,0,0,0,0,0,0,0,0,0,0,0,0,0,0,0,0,0,0,0,0,0,0,155,254,190,0,0,0,0,0,0,0,0,0,0,0,0,0,0,0,0,0,0,0,0,0,0,0,0,0,32,199,104,0,0,0,0,0,0,0,0,0,0,0,0,0,0,0,0,0,0,0,0,0,0,0,0,0,0,0,0,0,0,0,0,0,0,0,0,0,0,0,0,0,0,0,0,0,0,0,0,0,0,0,0,0,0,0,0,0,0,0,0,0,0,0,0,0,0,0,0,0,0,0,0,0,0,0,0,0,0,0,0,0,0,0,0,0,0,0,0,0,0,0,0,0,0,0,0
2,0,0,0,0,0,0,0,0,0,0,0,0,0,0,0,0,0,0,0,0,0,0,0,0,0,0,0,0,0,0,0,0,0,0,0,0,0,0,0,0,0,0,0,0,0,0,0,0,0,0,0,0,0,0,0,0,0,0,0,0,0,0,0,0,0,0,0,0,0,0,0,0,0,0,0,0,0,0,0,0,0,0,0,0,0,0,0,0,0,0,0,0,0,0,0,0,0,0,0,0,0,0,0,0,0,0,0,0,0,0,0,0,0,0,0,0,0,0,0,0,0,0,0,0,0,0,0,0,0,0,0,0,0,0,0,0,0,0,0,0,0,0,0,0,0,0,0,0,0,0,0,93,164,211,250,250,194,15,0,0,0,0,0,0,0,0,0,0,0,0,0,0,0,0,0,0,0,20,176,253,237,180,180,243,254,214,0,0,0,0,0,0,0,0,0,0,0,0,0,0,0,0,0,0,0,204,236,135,18,0,0,40,242,252,126,0,0,0,0,0,0,0,0,0,0,0,0,0,0,0,0,0,69,253,167,0,0,0,0,0,130,254,223,0,0,0,0,0,0,0,0,0,0,0,0,0,0,0,0,0,74,217,79,0,0,0,0,0,46,254,231,14,0,0,0,0,0,0,0,0,0,0,0,0,0,0,0,0,8,10,0,0,0,0,0,0,39,254,254,104,0,0,0,0,0,0,0,0,0,0,0,0,0,0,0,0,0,0,0,0,0,0,0,0,5,212,254,141,0,0,0,0,0,0,0,0,0,0,0,0,0,0,0,0,0,0,0,0,0,0,0,0,0,207,254,141,0,0,0,0,0,0,0,0,0,0,0,0,0,0,0,0,0,0,0,0,0,0,0,0,7,215,254,128,0,0,0,0,0,0,0,0,0,0,0,0,0,0,0,0,0,0,0,0,0,0,0,0,39,254,254,56,0,0,20,67,124,39,0,0,0,0,0,0,0,0,0,0,0,0,0,0,0,0,7,35,98,254,254,208,157,207,225,254,241,160,0,0,0,0,0,0,0,0,0,0,9,31,82,137,203,203,212,254,254,254,254,251,223,223,127,52,33,0,0,0,0,0,0,0,0,0,9,137,214,254,254,254,254,240,228,250,254,254,154,50,0,0,0,0,0,0,0,0,0,0,0,0,0,0,185,254,247,179,146,67,60,28,0,216,254,220,12,0,0,0,0,0,0,0,0,0,0,0,0,0,0,0,255,222,49,0,0,0,0,4,137,244,232,50,0,0,0,0,0,0,0,0,0,0,0,0,0,0,0,0,254,206,4,0,0,0,8,179,254,247,64,0,0,0,0,0,0,0,0,0,0,0,0,0,0,0,0,0,216,254,158,177,130,96,213,252,199,49,0,0,0,0,0,0,0,0,0,0,0,0,0,0,0,0,0,0,0,131,247,249,249,249,171,72,0,0,0,0,0,0,0,0,0,0,0,0,0,0,0,0,0,0,0,0,0,0,0,0,0,0,0,0,0,0,0,0,0,0,0,0,0,0,0,0,0,0,0,0,0,0,0,0,0,0,0,0,0,0,0,0,0,0,0,0,0,0,0,0,0,0,0,0,0,0,0,0,0,0,0,0,0,0,0,0,0,0,0,0,0,0,0,0,0,0,0,0,0,0,0,0,0,0,0,0,0,0,0,0,0,0,0,0,0,0,0,0,0,0,0,0,0,0,0,0,0,0,0,0,0,0,0,0,0,0,0,0,0,0,0,0,0,0,0,0,0,0,0,0,0,0,0,0,0,0,0,0,0,0
0,0,0,0,0,0,0,0,0,0,0,0,0,0,0,0,0,0,0,0,0,0,0,0,0,0,0,0,0,0,0,0,0,0,0,0,0,0,0,0,0,0,0,0,0,0,0,0,0,0,0,0,0,0,0,0,0,0,0,0,0,0,0,0,0,0,0,0,0,0,0,0,0,0,0,0,0,0,0,0,0,0,0,0,0,0,0,0,0,0,0,0,0,0,0,0,0,0,0,0,0,0,0,0,0,0,0,0,0,0,0,0,0,0,0,0,0,0,0,0,0,0,0,0,0,0,0,0,0,0,64,253,255,63,0,0,0,0,0,0,0,0,0,0,0,0,0,0,0,0,0,0,0,0,0,0,0,96,205,251,253,205,111,4,0,0,0,0,0,0,0,0,0,0,0,0,0,0,0,0,0,0,0,0,96,189,251,251,253,251,251,31,0,0,0,0,0,0,0,0,0,0,0,0,0,0,0,0,0,16,64,223,244,251,251,211,213,251,251,31,0,0,0,0,0,0,0,0,0,0,0,0,0,0,0,0,80,181,251,253,251,251,251,94,96,251,251,31,0,0,0,0,0,0,0,0,0,0,0,0,0,0,0,92,253,253,253,255,253,253,253,95,96,253,253,31,0,0,0,0,0,0,0,0,0,0,0,0,0,0,92,236,251,243,220,233,251,251,243,82,96,251,251,31,0,0,0,0,0,0,0,0,0,0,0,0,0,80,253,251,251,188,0,96,251,251,109,0,96,251,251,31,0,0,0,0,0,0,0,0,0,0,0,0,96,240,253,243,188,42,0,96,204,109,4,0,12,197,251,31,0,0,0,0,0,0,0,0,0,0,0,0,221,251,253,121,0,0,0,36,23,0,0,0,0,190,251,31,0,0,0,0,0,0,0,0,0,0,0,48,234,253,0,0,0,0,0,0,0,0,0,0,0,191,253,31,0,0,0,0,0,0,0,0,0,0,44,221,251,251,0,0,0,0,0,0,0,0,0,0,12,197,251,31,0,0,0,0,0,0,0,0,0,0,190,251,251,251,0,0,0,0,0,0,0,0,0,0,96,251,251,31,0,0,0,0,0,0,0,0,0,0,190,251,251,113,0,0,0,0,0,0,0,0,0,40,234,251,219,23,0,0,0,0,0,0,0,0,0,0,190,251,251,94,0,0,0,0,0,0,0,0,40,217,253,231,47,0,0,0,0,0,0,0,0,0,0,0,191,253,253,253,0,0,0,0,0,0,12,174,253,253,219,39,0,0,0,0,0,0,0,0,0,0,0,0,67,236,251,251,191,190,111,72,190,191,197,251,243,121,39,0,0,0,0,0,0,0,0,0,0,0,0,0,0,63,236,251,253,251,251,251,251,253,251,188,94,0,0,0,0,0,0,0,0,0,0,0,0,0,0,0,0,0,27,129,253,251,251,251,251,229,168,15,0,0,0,0,0,0,0,0,0,0,0,0,0,0,0,0,0,0,0,0,95,212,251,211,94,59,0,0,0,0,0,0,0,0,0,0,0,0,0,0,0,0,0,0,0,0,0,0,0,0,0,0,0,0,0,0,0,0,0,0,0,0,0,0,0,0,0,0,0,0,0,0,0,0,0,0,0,0,0,0,0,0,0,0,0,0,0,0,0,0,0,0,0,0,0,0,0,0,0,0,0,0,0,0,0,0,0,0,0,0,0,0,0,0,0,0,0,0,0,0,0,0,0,0,0,0,0,0,0,0,0,0,0,0,0,0,0,0,0,0,0,0,0,0,0,0,0,0,0,0,0
1,0,0,0,0,0,0,0,0,0,0,0,0,0,0,0,0,0,0,0,0,0,0,0,0,0,0,0,0,0,0,0,0,0,0,0,0,0,0,0,0,0,0,0,0,0,0,0,0,0,0,0,0,0,0,0,0,0,0,0,0,0,0,0,0,0,0,0,0,0,0,0,0,0,0,0,0,0,0,0,0,0,0,0,0,0,0,0,0,0,0,0,0,0,0,0,0,0,0,0,0,0,0,0,0,0,0,0,0,0,0,0,0,0,0,0,0,0,0,0,0,0,0,0,0,0,0,0,0,0,0,0,0,0,0,0,0,0,0,0,0,0,0,0,0,0,0,0,0,0,0,0,0,0,0,0,0,0,0,121,254,136,0,0,0,0,0,0,0,0,0,0,0,0,0,0,0,0,0,0,0,0,0,0,0,0,13,230,253,248,99,0,0,0,0,0,0,0,0,0,0,0,0,0,0,0,0,0,0,0,0,0,0,4,118,253,253,225,42,0,0,0,0,0,0,0,0,0,0,0,0,0,0,0,0,0,0,0,0,0,0,61,253,253,253,74,0,0,0,0,0,0,0,0,0,0,0,0,0,0,0,0,0,0,0,0,0,0,32,206,253,253,186,9,0,0,0,0,0,0,0,0,0,0,0,0,0,0,0,0,0,0,0,0,0,0,211,253,253,239,69,0,0,0,0,0,0,0,0,0,0,0,0,0,0,0,0,0,0,0,0,0,0,0,254,253,253,133,0,0,0,0,0,0,0,0,0,0,0,0,0,0,0,0,0,0,0,0,0,0,0,142,255,253,186,8,0,0,0,0,0,0,0,0,0,0,0,0,0,0,0,0,0,0,0,0,0,0,149,229,254,207,21,0,0,0,0,0,0,0,0,0,0,0,0,0,0,0,0,0,0,0,0,0,0,54,229,253,254,105,0,0,0,0,0,0,0,0,0,0,0,0,0,0,0,0,0,0,0,0,0,0,0,152,254,254,213,26,0,0,0,0,0,0,0,0,0,0,0,0,0,0,0,0,0,0,0,0,0,0,112,251,253,253,26,0,0,0,0,0,0,0,0,0,0,0,0,0,0,0,0,0,0,0,0,0,0,29,212,253,250,149,0,0,0,0,0,0,0,0,0,0,0,0,0,0,0,0,0,0,0,0,0,0,36,214,253,253,137,0,0,0,0,0,0,0,0,0,0,0,0,0,0,0,0,0,0,0,0,0,0,0,75,253,253,253,59,0,0,0,0,0,0,0,0,0,0,0,0,0,0,0,0,0,0,0,0,0,0,0,93,253,253,189,17,0,0,0,0,0,0,0,0,0,0,0,0,0,0,0,0,0,0,0,0,0,0,0,224,253,253,84,0,0,0,0,0,0,0,0,0,0,0,0,0,0,0,0,0,0,0,0,0,0,0,43,235,253,126,1,0,0,0,0,0,0,0,0,0,0,0,0,0,0,0,0,0,0,0,0,0,0,0,99,248,253,119,0,0,0,0,0,0,0,0,0,0,0,0,0,0,0,0,0,0,0,0,0,0,0,0,0,225,235,49,0,0,0,0,0,0,0,0,0,0,0,0,0,0,0,0,0,0,0,0,0,0,0,0,0,0,0,0,0,0,0,0,0,0,0,0,0,0,0,0,0,0,0,0,0,0,0,0,0,0,0,0,0,0,0,0,0,0,0,0,0,0,0,0,0,0,0,0,0,0,0,0,0,0,0,0,0,0,0,0,0,0,0,0,0,0,0,0,0,0,0,0,0,0,0,0,0,0,0,0
1,0,0,0,0,0,0,0,0,0,0,0,0,0,0,0,0,0,0,0,0,0,0,0,0,0,0,0,0,0,0,0,0,0,0,0,0,0,0,0,0,0,0,0,0,0,0,0,0,0,0,0,0,0,0,0,0,0,0,0,0,0,0,0,0,0,0,0,0,0,0,0,0,0,0,0,0,0,0,0,0,0,0,0,0,0,0,0,0,0,0,0,0,0,0,0,0,0,0,0,166,222,55,0,0,0,0,0,0,0,0,0,0,0,0,0,0,0,0,0,0,0,0,0,0,0,0,0,197,254,218,5,0,0,0,0,0,0,0,0,0,0,0,0,0,0,0,0,0,0,0,0,0,0,0,29,249,254,254,9,0,0,0,0,0,0,0,0,0,0,0,0,0,0,0,0,0,0,0,0,0,0,0,45,254,254,174,2,0,0,0,0,0,0,0,0,0,0,0,0,0,0,0,0,0,0,0,0,0,0,4,164,254,254,85,0,0,0,0,0,0,0,0,0,0,0,0,0,0,0,0,0,0,0,0,0,0,0,146,254,254,254,85,0,0,0,0,0,0,0,0,0,0,0,0,0,0,0,0,0,0,0,0,0,0,101,245,254,254,254,85,0,0,0,0,0,0,0,0,0,0,0,0,0,0,0,0,0,0,0,0,0,97,248,254,204,254,254,85,0,0,0,0,0,0,0,0,0,0,0,0,0,0,0,0,12,59,98,151,237,254,254,109,35,254,254,85,0,0,0,0,0,0,0,0,0,0,0,0,0,0,0,0,41,216,254,254,239,153,37,4,32,254,254,85,0,0,0,0,0,0,0,0,0,0,0,0,0,0,0,0,0,7,44,44,30,0,0,0,32,254,254,96,0,0,0,0,0,0,0,0,0,0,0,0,0,0,0,0,0,0,0,0,0,0,0,0,19,230,254,174,0,0,0,0,0,0,0,0,0,0,0,0,0,0,0,0,0,0,0,0,0,0,0,0,0,197,254,110,0,0,0,0,0,0,0,0,0,0,0,0,0,0,0,0,0,0,0,0,0,0,0,0,0,197,254,85,0,0,0,0,0,0,0,0,0,0,0,0,0,0,0,0,0,0,0,0,0,0,0,0,0,197,253,63,0,0,0,0,0,0,0,0,0,0,0,0,0,0,0,0,0,0,0,0,37,54,54,45,26,84,221,84,21,31,162,78,0,0,0,0,0,0,0,0,0,0,0,0,0,6,41,141,244,254,254,248,236,254,254,254,233,239,254,138,0,0,0,0,0,0,0,0,0,0,0,0,23,167,254,254,254,254,229,228,185,138,138,138,138,138,138,44,0,0,0,0,0,0,0,0,0,0,0,0,113,254,254,254,179,64,5,0,0,0,0,0,0,0,0,0,0,0,0,0,0,0,0,0,0,0,0,0,32,209,183,97,0,0,0,0,0,0,0,0,0,0,0,0,0,0,0,0,0,0,0,0,0,0,0,0,0,0,0,0,0,0,0,0,0,0,0,0,0,0,0,0,0,0,0,0,0,0,0,0,0,0,0,0,0,0,0,0,0,0,0,0,0,0,0,0,0,0,0,0,0,0,0,0,0,0,0,0,0,0,0,0,0,0,0,0,0,0,0,0,0,0,0,0,0,0,0,0,0,0,0,0,0,0,0,0,0,0,0,0,0,0,0,0,0,0,0,0,0,0,0,0,0,0,0,0,0,0,0,0,0,0,0,0,0,0,0,0,0,0,0,0,0,0,0,0,0,0,0,0,0,0,0,0,0,0,0,0,0,0
2,0,0,0,0,0,0,0,0,0,0,0,0,0,0,0,0,0,0,0,0,0,0,0,0,0,0,0,0,0,0,0,0,0,0,0,0,0,0,0,0,0,0,0,0,0,0,0,0,0,0,0,0,0,0,0,0,0,0,0,0,0,0,0,0,0,0,0,0,0,0,0,0,0,0,0,0,0,0,0,0,0,0,0,0,0,0,0,0,0,0,0,0,0,0,0,0,0,0,0,0,0,0,0,0,0,0,0,0,0,0,0,0,0,0,0,0,0,0,0,0,0,0,0,0,83,91,143,255,190,91,50,0,0,0,0,0,0,0,0,0,0,0,0,0,0,0,0,0,0,9,49,180,246,253,253,253,253,253,220,154,17,3,0,0,0,0,0,0,0,0,0,0,0,0,0,46,107,178,253,253,253,253,253,253,253,253,253,253,253,126,45,0,0,0,0,0,0,0,0,0,0,0,0,107,253,253,253,253,223,220,220,220,220,245,253,253,253,253,106,0,0,0,0,0,0,0,0,0,0,0,0,107,173,253,229,129,12,0,0,0,0,110,253,253,253,253,106,0,0,0,0,0,0,0,0,0,0,0,0,17,14,40,32,0,0,0,0,0,0,57,253,253,253,242,85,0,0,0,0,0,0,0,0,0,0,0,0,0,0,0,0,0,0,0,0,5,139,224,253,253,253,105,0,0,0,0,0,0,0,0,0,0,0,0,0,0,0,0,0,0,0,0,65,178,253,253,253,253,219,24,0,0,0,0,0,0,0,0,0,0,0,0,0,0,0,0,0,0,0,97,250,253,253,253,253,127,47,0,0,0,0,0,0,0,0,0,0,0,0,0,0,0,0,0,0,46,125,250,253,253,253,245,171,33,0,0,0,0,0,0,0,0,0,0,0,0,0,0,0,0,0,5,41,217,253,253,250,245,245,115,0,0,0,0,0,0,0,0,0,0,0,0,0,0,0,0,0,0,0,124,253,253,253,192,105,0,0,0,0,0,0,0,0,0,0,0,0,0,0,0,0,0,0,0,0,11,47,220,253,253,188,25,0,0,0,0,0,0,0,0,0,0,0,0,0,0,0,0,0,0,0,0,0,107,253,253,253,189,13,0,0,0,0,0,0,0,0,0,0,0,0,0,0,0,0,0,0,0,0,0,41,225,253,253,186,22,0,0,0,0,0,31,42,174,205,205,205,193,58,0,0,0,0,0,0,0,0,48,218,253,253,253,150,59,0,0,128,131,131,222,253,253,253,253,253,94,0,0,0,0,0,0,0,0,0,12,152,253,253,253,253,236,222,222,252,253,253,253,253,253,253,253,253,122,0,0,0,0,0,0,0,0,0,0,7,167,253,253,253,253,253,253,253,253,253,253,253,253,253,124,106,7,0,0,0,0,0,0,0,0,0,0,0,76,188,253,253,253,253,253,253,253,224,57,15,15,15,2,0,0,0,0,0,0,0,0,0,0,0,0,0,0,12,89,121,253,253,151,89,89,55,0,0,0,0,0,0,0,0,0,0,0,0,0,0,0,0,0,0,0,0,0,0,0,0,0,0,0,0,0,0,0,0,0,0,0,0,0,0,0,0,0,0,0,0,0,0,0,0,0,0,0,0,0,0,0,0,0,0,0,0,0,0,0,0,0,0,0,0,0,0,0,0,0,0,0,0,0,0,0,0,0,0,0,0,0,0,0,0,0,0,0,0,0,0,0,0,0,0,0,0,0,0,0,0,0,0,0,0,0,0,0,0,0,0,0,0,0,0,0,0,0,0,0
2,0,0,0,0,0,0,0,0,0,0,0,0,0,0,0,0,0,0,0,0,0,0,0,0,0,0,0,0,0,0,0,0,0,0,0,0,0,0,0,0,0,0,0,0,0,0,0,0,0,0,0,0,0,0,0,0,0,0,0,0,0,0,0,0,0,0,0,0,0,0,0,0,0,0,0,0,0,0,0,0,0,0,0,0,0,0,0,0,0,0,0,0,0,0,0,0,0,0,0,0,0,0,0,0,0,0,0,0,0,0,0,0,0,0,0,0,0,0,0,0,0,0,0,0,0,0,0,0,0,0,0,0,0,0,0,0,0,0,0,0,0,0,0,0,0,80,189,254,255,254,254,254,174,101,31,50,12,0,0,0,0,0,0,0,0,0,0,0,0,0,0,0,80,242,253,253,253,253,253,253,253,253,216,226,206,200,200,58,0,0,0,0,0,0,0,0,0,0,0,0,101,253,253,253,253,253,253,253,253,253,253,253,253,253,253,227,53,0,0,0,0,0,0,0,0,0,0,0,251,253,253,253,253,253,253,253,253,253,253,253,253,253,253,253,249,181,17,0,0,0,0,0,0,0,0,0,122,214,214,158,61,61,113,214,214,250,253,253,253,253,253,253,253,253,45,0,0,0,0,0,0,0,0,0,0,0,0,0,0,0,0,0,0,105,115,115,237,253,253,253,253,253,129,0,0,0,0,0,0,0,0,0,0,0,0,0,0,0,0,0,0,0,0,0,13,24,168,241,253,253,199,0,0,0,0,0,0,0,0,0,0,0,0,0,0,0,0,0,0,0,0,0,0,2,102,243,253,253,87,0,0,0,0,0,0,0,0,0,0,0,0,0,0,0,0,0,0,0,0,0,0,16,253,253,253,197,22,0,0,0,0,0,0,0,0,0,0,0,0,0,0,0,0,0,0,0,0,0,22,182,253,253,251,101,0,0,0,0,0,0,0,0,0,0,0,0,0,0,0,0,0,0,0,0,3,99,198,253,253,247,129,0,0,0,0,0,0,0,0,0,0,0,0,0,0,0,0,0,0,0,0,0,99,253,253,253,253,191,0,0,0,0,0,0,0,0,0,0,0,0,0,0,0,0,0,0,0,0,117,224,244,253,253,239,30,23,0,0,0,0,0,0,0,0,0,0,0,0,0,0,0,0,0,0,58,169,213,253,253,253,197,79,0,0,0,0,0,0,0,0,0,0,0,0,0,0,0,0,0,0,0,0,86,253,253,253,242,137,16,0,0,0,0,0,0,0,0,0,0,0,0,0,0,0,0,0,0,0,0,0,216,253,253,253,141,62,8,0,0,0,0,0,0,0,0,0,0,0,0,0,0,0,0,0,0,0,0,5,239,253,253,253,253,253,172,162,162,162,64,8,7,0,0,0,0,0,0,0,0,0,0,0,0,0,0,80,247,253,253,253,253,253,253,253,253,253,253,253,199,66,0,0,0,0,0,0,0,0,0,0,0,0,0,0,95,199,227,253,253,253,253,253,253,253,220,230,201,235,0,0,0,0,0,0,0,0,0,0,0,0,0,0,0,0,52,99,99,174,253,253,253,122,39,57,22,99,0,0,0,0,0,0,0,0,0,0,0,0,0,0,0,0,0,0,0,0,0,0,0,0,0,0,0,0,0,0,0,0,0,0,0,0,0,0,0,0,0,0,0,0,0,0,0,0,0,0,0,0,0,0,0,0,0,0,0,0,0,0,0,0,0,0,0,0,0,0,0,0,0,0,0,0,0,0,0,0,0,0,0,0,0,0,0,0
0,0,0,0,0,0,0,0,0,0,0,0,0,0,0,0,0,0,0,0,0,0,0,0,0,0,0,0,0,0,0,0,0,0,0,0,0,0,0,0,0,0,0,0,0,0,0,0,0,0,0,0,0,0,0,0,0,0,0,0,0,0,0,0,0,0,0,0,0,0,0,0,0,0,0,0,0,0,0,0,0,0,0,0,0,0,0,0,0,0,0,0,0,0,0,0,0,0,0,0,0,0,0,0,0,0,0,0,0,0,0,0,0,0,0,0,0,0,0,0,0,0,0,0,0,0,0,0,0,0,0,0,0,0,0,0,0,0,0,0,0,0,0,0,0,0,0,0,0,0,0,0,0,0,0,53,255,253,253,253,124,0,0,0,0,0,0,0,0,0,0,0,0,0,0,0,0,0,0,0,0,0,0,180,253,251,251,251,251,145,62,0,0,0,0,0,0,0,0,0,0,0,0,0,0,0,0,0,0,32,217,241,253,251,251,251,251,253,107,0,0,0,0,0,0,0,0,0,0,0,0,0,0,0,0,0,0,37,251,251,253,251,251,251,251,253,107,0,0,0,0,0,0,0,0,0,0,0,0,0,0,0,0,0,0,166,251,251,253,251,96,148,251,253,107,0,0,0,0,0,0,0,0,0,0,0,0,0,0,0,0,73,253,253,253,253,130,0,0,110,253,255,108,0,0,0,0,0,0,0,0,0,0,0,0,0,0,0,0,73,251,251,251,251,0,0,0,109,251,253,107,0,0,0,0,0,0,0,0,0,0,0,0,0,0,0,0,202,251,251,251,225,0,0,6,129,251,253,107,0,0,0,0,0,0,0,0,0,0,0,0,0,0,0,0,150,251,251,251,71,0,0,115,251,251,253,107,0,0,0,0,0,0,0,0,0,0,0,0,0,0,0,0,253,251,251,173,20,0,0,217,251,251,253,107,0,0,0,0,0,0,0,0,0,0,0,0,0,0,0,182,255,253,216,0,0,0,0,218,253,253,182,0,0,0,0,0,0,0,0,0,0,0,0,0,0,0,63,221,253,251,215,0,0,0,84,236,251,251,77,0,0,0,0,0,0,0,0,0,0,0,0,0,0,0,109,251,253,251,215,0,0,11,160,251,251,96,0,0,0,0,0,0,0,0,0,0,0,0,0,0,0,0,109,251,253,251,137,0,0,150,251,251,251,71,0,0,0,0,0,0,0,0,0,0,0,0,0,0,0,0,109,251,253,251,35,0,130,253,251,251,173,20,0,0,0,0,0,0,0,0,0,0,0,0,0,0,0,0,110,253,255,253,98,150,253,255,253,164,0,0,0,0,0,0,0,0,0,0,0,0,0,0,0,0,0,0,109,251,253,251,251,251,251,253,251,35,0,0,0,0,0,0,0,0,0,0,0,0,0,0,0,0,0,0,93,241,253,251,251,251,251,216,112,5,0,0,0,0,0,0,0,0,0,0,0,0,0,0,0,0,0,0,0,103,253,251,251,251,251,0,0,0,0,0,0,0,0,0,0,0,0,0,0,0,0,0,0,0,0,0,0,0,124,251,225,71,71,0,0,0,0,0,0,0,0,0,0,0,0,0,0,0,0,0,0,0,0,0,0,0,0,0,0,0,0,0,0,0,0,0,0,0,0,0,0,0,0,0,0,0,0,0,0,0,0,0,0,0,0,0,0,0,0,0,0,0,0,0,0,0,0,0,0,0,0,0,0,0,0,0,0,0,0,0,0,0,0,0,0,0,0,0,0,0,0,0,0,0,0,0,0,0,0,0
0,0,0,0,0,0,0,0,0,0,0,0,0,0,0,0,0,0,0,0,0,0,0,0,0,0,0,0,0,0,0,0,0,0,0,0,0,0,0,0,0,0,0,0,0,0,0,0,0,0,0,0,0,0,0,0,0,0,0,0,0,0,0,0,0,0,0,0,0,0,0,0,0,0,0,0,0,0,0,0,0,0,0,0,0,0,0,0,0,0,0,0,0,0,0,0,0,0,0,0,0,0,0,0,0,0,0,0,0,0,0,0,0,0,0,0,0,0,0,0,0,0,0,0,0,0,0,0,73,253,227,73,21,0,0,0,0,0,0,0,0,0,0,0,0,0,0,0,0,0,0,0,0,0,0,0,73,251,251,251,174,0,0,0,0,0,0,0,0,0,0,0,0,0,0,0,0,0,0,0,0,0,16,166,228,251,251,251,122,0,0,0,0,0,0,0,0,0,0,0,0,0,0,0,0,0,0,0,0,0,62,220,253,251,251,251,251,79,0,0,0,0,0,0,0,0,0,0,0,0,0,0,0,0,0,0,0,0,79,231,253,251,251,251,251,232,77,0,0,0,0,0,0,0,0,0,0,0,0,0,0,0,0,0,145,253,253,253,255,253,253,253,253,255,108,0,0,0,0,0,0,0,0,0,0,0,0,0,0,0,0,0,144,251,251,251,253,168,107,169,251,253,189,20,0,0,0,0,0,0,0,0,0,0,0,0,0,0,27,89,236,251,235,215,164,15,6,129,251,253,251,35,0,0,0,0,0,0,0,0,0,0,0,0,0,47,211,253,251,251,142,0,0,0,37,251,251,253,251,35,0,0,0,0,0,0,0,0,0,0,0,0,0,109,251,253,251,251,142,0,0,0,11,148,251,253,251,164,0,0,0,0,0,0,0,0,0,0,0,0,11,150,253,255,211,25,0,0,0,0,11,150,253,255,211,25,0,0,0,0,0,0,0,0,0,0,0,0,140,251,251,253,107,0,0,0,0,0,37,251,251,211,46,0,0,0,0,0,0,0,0,0,0,0,0,0,190,251,251,253,128,5,0,0,0,0,37,251,251,51,0,0,0,0,0,0,0,0,0,0,0,0,0,0,115,251,251,253,188,20,0,0,32,109,129,251,173,103,0,0,0,0,0,0,0,0,0,0,0,0,0,0,217,251,251,201,30,0,0,0,73,251,251,251,71,0,0,0,0,0,0,0,0,0,0,0,0,0,0,0,166,253,253,255,149,73,150,253,255,253,253,143,0,0,0,0,0,0,0,0,0,0,0,0,0,0,0,0,140,251,251,253,251,251,251,251,253,251,230,61,0,0,0,0,0,0,0,0,0,0,0,0,0,0,0,0,190,251,251,253,251,251,251,251,242,215,55,0,0,0,0,0,0,0,0,0,0,0,0,0,0,0,0,0,21,189,251,253,251,251,251,173,103,0,0,0,0,0,0,0,0,0,0,0,0,0,0,0,0,0,0,0,0,31,200,253,251,96,71,20,0,0,0,0,0,0,0,0,0,0,0,0,0,0,0,0,0,0,0,0,0,0,0,0,0,0,0,0,0,0,0,0,0,0,0,0,0,0,0,0,0,0,0,0,0,0,0,0,0,0,0,0,0,0,0,0,0,0,0,0,0,0,0,0,0,0,0,0,0,0,0,0,0,0,0,0,0,0,0,0,0,0,0,0,0,0,0,0,0,0,0,0,0,0,0,0,0,0,0,0,0,0,0,0,0,0,0,0,0,0,0,0,0,0,0,0,0,0,0,0,0,0,0,0,0
1,0,0,0,0,0,0,0,0,0,0,0,0,0,0,0,0,0,0,0,0,0,0,0,0,0,0,0,0,0,0,0,0,0,0,0,0,0,0,0,0,0,0,0,0,0,0,0,0,0,0,0,0,0,0,0,0,0,0,0,0,0,0,0,0,0,0,0,0,0,0,0,0,0,0,0,0,0,0,0,0,0,0,0,0,0,0,0,0,0,0,0,0,0,0,0,0,0,0,0,0,0,0,0,0,0,0,0,0,0,0,0,0,0,0,0,0,0,0,0,0,0,0,0,0,0,0,0,0,0,0,0,0,0,0,0,0,0,0,0,0,0,0,0,0,0,0,0,0,0,0,0,0,0,0,178,255,105,0,0,0,0,0,0,0,0,0,0,0,0,0,0,0,0,0,0,0,0,0,0,0,0,6,188,253,216,14,0,0,0,0,0,0,0,0,0,0,0,0,0,0,0,0,0,0,0,0,0,0,0,14,202,253,253,23,0,0,0,0,0,0,0,0,0,0,0,0,0,0,0,0,0,0,0,0,0,0,0,12,199,253,128,6,0,0,0,0,0,0,0,0,0,0,0,0,0,0,0,0,0,0,0,0,0,0,0,42,253,253,158,0,0,0,0,0,0,0,0,0,0,0,0,0,0,0,0,0,0,0,0,0,0,0,0,42,253,253,158,0,0,0,0,0,0,0,0,0,0,0,0,0,0,0,0,0,0,0,0,0,0,0,0,155,253,253,158,0,0,0,0,0,0,0,0,0,0,0,0,0,0,0,0,0,0,0,0,0,0,0,0,160,253,253,147,0,0,0,0,0,0,0,0,0,0,0,0,0,0,0,0,0,0,0,0,0,0,0,0,160,253,253,41,0,0,0,0,0,0,0,0,0,0,0,0,0,0,0,0,0,0,0,0,0,0,0,17,225,253,235,31,0,0,0,0,0,0,0,0,0,0,0,0,0,0,0,0,0,0,0,0,0,0,0,24,253,253,176,0,0,0,0,0,0,0,0,0,0,0,0,0,0,0,0,0,0,0,0,0,0,0,0,24,253,253,176,0,0,0,0,0,0,0,0,0,0,0,0,0,0,0,0,0,0,0,0,0,0,0,0,24,253,253,176,0,0,0,0,0,0,0,0,0,0,0,0,0,0,0,0,0,0,0,0,0,0,0,0,24,253,253,176,0,0,0,0,0,0,0,0,0,0,0,0,0,0,0,0,0,0,0,0,0,0,0,0,24,253,253,162,0,0,0,0,0,0,0,0,0,0,0,0,0,0,0,0,0,0,0,0,0,0,0,0,46,253,253,59,0,0,0,0,0,0,0,0,0,0,0,0,0,0,0,0,0,0,0,0,0,0,0,0,142,253,253,59,0,0,0,0,0,0,0,0,0,0,0,0,0,0,0,0,0,0,0,0,0,0,0,0,142,253,253,59,0,0,0,0,0,0,0,0,0,0,0,0,0,0,0,0,0,0,0,0,0,0,0,0,142,253,202,8,0,0,0,0,0,0,0,0,0,0,0,0,0,0,0,0,0,0,0,0,0,0,0,0,87,253,139,0,0,0,0,0,0,0,0,0,0,0,0,0,0,0,0,0,0,0,0,0,0,0,0,0,0,0,0,0,0,0,0,0,0,0,0,0,0,0,0,0,0,0,0,0,0,0,0,0,0,0,0,0,0,0,0,0,0,0,0,0,0,0,0,0,0,0,0,0,0,0,0,0,0,0,0,0,0,0,0,0,0,0,0,0,0,0,0,0,0,0,0,0,0,0,0,0
0,0,0,0,0,0,0,0,0,0,0,0,0,0,0,0,0,0,0,0,0,0,0,0,0,0,0,0,0,0,0,0,0,0,0,0,0,0,0,0,0,0,0,0,0,0,0,0,0,0,0,0,0,0,0,0,0,0,0,0,0,0,0,0,0,0,0,0,0,0,0,0,0,0,0,0,0,0,0,0,0,0,0,0,0,0,0,0,0,0,0,0,0,0,0,0,0,0,0,0,0,0,0,0,0,0,0,0,0,0,0,0,0,0,0,0,0,0,0,0,0,0,0,0,0,0,0,0,0,0,0,0,0,0,0,0,0,0,0,0,0,0,0,0,0,0,0,0,0,0,0,0,0,0,46,105,254,254,254,254,255,239,41,0,0,0,0,0,0,0,0,0,0,0,0,0,0,0,0,0,37,118,222,254,253,253,253,253,253,253,211,54,0,0,0,0,0,0,0,0,0,0,0,0,0,0,0,14,200,253,253,254,253,253,253,253,253,253,253,116,0,0,0,0,0,0,0,0,0,0,0,0,0,16,160,236,253,253,253,254,253,253,246,229,253,253,253,116,0,0,0,0,0,0,0,0,0,0,0,0,0,99,253,253,253,253,253,254,253,253,213,99,253,253,253,116,0,0,0,0,0,0,0,0,0,0,0,0,25,194,253,253,253,253,131,97,169,253,93,99,253,253,253,116,0,0,0,0,0,0,0,0,0,0,0,0,206,253,253,251,233,127,9,0,18,38,3,15,171,253,253,116,0,0,0,0,0,0,0,0,0,0,0,55,240,253,253,233,0,0,0,0,0,0,0,31,186,253,253,116,0,0,0,0,0,0,0,0,0,0,0,176,253,253,253,127,0,0,0,0,0,0,0,99,253,253,253,116,0,0,0,0,0,0,0,0,0,0,0,176,253,253,131,9,0,0,0,0,0,0,0,99,253,253,253,116,0,0,0,0,0,0,0,0,0,0,119,254,254,232,75,0,0,0,0,0,0,0,0,0,158,254,254,117,0,0,0,0,0,0,0,0,0,0,118,253,253,154,0,0,0,0,0,0,0,0,0,0,156,253,253,116,0,0,0,0,0,0,0,0,0,0,118,253,253,154,0,0,0,0,0,0,0,0,0,0,156,253,253,116,0,0,0,0,0,0,0,0,0,46,222,253,253,154,0,0,0,0,0,0,0,0,7,116,246,253,180,9,0,0,0,0,0,0,0,0,0,0,118,253,253,154,0,0,0,0,0,0,0,0,116,253,253,253,174,0,0,0,0,0,0,0,0,0,0,0,118,253,253,154,0,0,0,0,0,0,0,110,246,253,253,240,67,0,0,0,0,0,0,0,0,0,0,0,118,253,253,238,215,49,20,20,20,66,215,241,253,245,233,64,0,0,0,0,0,0,0,0,0,0,0,0,82,229,253,253,253,253,253,253,253,254,253,253,240,107,0,0,0,0,0,0,0,0,0,0,0,0,0,0,0,176,253,253,253,253,253,253,253,254,253,253,108,0,0,0,0,0,0,0,0,0,0,0,0,0,0,0,0,40,239,253,253,253,253,253,253,254,161,57,4,0,0,0,0,0,0,0,0,0,0,0,0,0,0,0,0,0,0,0,0,0,0,0,0,0,0,0,0,0,0,0,0,0,0,0,0,0,0,0,0,0,0,0,0,0,0,0,0,0,0,0,0,0,0,0,0,0,0,0,0,0,0,0,0,0,0,0,0,0,0,0,0,0,0,0,0,0,0,0,0,0,0,0,0,0,0,0,0,0,0,0,0,0,0
0,0,0,0,0,0,0,0,0,0,0,0,0,0,0,0,0,0,0,0,0,0,0,0,0,0,0,0,0,0,0,0,0,0,0,0,0,0,0,0,0,0,0,0,0,0,0,0,0,0,0,0,0,0,0,0,0,0,0,0,0,0,0,0,0,0,0,0,0,0,0,0,0,0,0,0,0,0,0,0,0,0,0,0,0,0,0,0,0,0,0,0,0,0,0,0,0,0,0,0,0,0,0,0,0,0,0,0,0,0,0,0,0,0,0,0,0,0,0,0,0,0,0,0,0,0,0,0,0,0,0,0,0,0,0,0,0,0,0,0,0,0,0,0,0,0,0,0,0,0,0,0,56,105,220,254,63,0,0,0,0,0,0,0,0,0,0,0,0,0,0,0,0,0,0,0,0,0,18,166,233,253,253,253,236,209,209,209,77,18,0,0,0,0,0,0,0,0,0,0,0,0,0,0,0,0,84,253,253,253,253,253,254,253,253,253,253,172,8,0,0,0,0,0,0,0,0,0,0,0,0,0,0,57,238,253,253,253,253,253,254,253,253,253,253,253,119,0,0,0,0,0,0,0,0,0,0,0,0,0,14,238,253,253,253,253,253,253,179,196,253,253,253,253,238,12,0,0,0,0,0,0,0,0,0,0,0,0,33,253,253,253,253,253,248,134,0,18,83,237,253,253,253,14,0,0,0,0,0,0,0,0,0,0,0,0,164,253,253,253,253,253,128,0,0,0,0,57,119,214,253,94,0,0,0,0,0,0,0,0,0,0,0,57,248,253,253,253,126,14,4,0,0,0,0,0,0,179,253,248,56,0,0,0,0,0,0,0,0,0,0,175,253,253,240,190,28,0,0,0,0,0,0,0,0,179,253,253,173,0,0,0,0,0,0,0,0,0,0,209,253,253,178,0,0,0,0,0,0,0,0,0,0,92,253,253,208,0,0,0,0,0,0,0,0,0,0,211,254,254,179,0,0,0,0,0,0,0,0,0,0,0,135,255,209,0,0,0,0,0,0,0,0,0,0,209,253,253,90,0,0,0,0,0,0,0,0,0,0,0,134,253,208,0,0,0,0,0,0,0,0,0,0,209,253,253,178,0,0,0,0,0,0,0,0,0,0,2,142,253,208,0,0,0,0,0,0,0,0,0,0,209,253,253,214,35,0,0,0,0,0,0,0,0,0,30,253,253,208,0,0,0,0,0,0,0,0,0,0,165,253,253,253,215,36,0,0,0,0,0,0,0,0,163,253,253,164,0,0,0,0,0,0,0,0,0,0,18,172,253,253,253,214,127,7,0,0,0,0,0,72,232,253,171,17,0,0,0,0,0,0,0,0,0,0,0,8,182,253,253,253,253,162,56,0,0,0,64,240,253,253,14,0,0,0,0,0,0,0,0,0,0,0,0,0,7,173,253,253,253,253,245,241,239,239,246,253,225,14,1,0,0,0,0,0,0,0,0,0,0,0,0,0,0,18,59,138,224,253,253,254,253,253,253,240,96,0,0,0,0,0,0,0,0,0,0,0,0,0,0,0,0,0,0,0,37,104,192,255,253,253,182,73,0,0,0,0,0,0,0,0,0,0,0,0,0,0,0,0,0,0,0,0,0,0,0,0,0,0,0,0,0,0,0,0,0,0,0,0,0,0,0,0,0,0,0,0,0,0,0,0,0,0,0,0,0,0,0,0,0,0,0,0,0,0,0,0,0,0,0,0,0,0,0,0,0,0,0,0,0,0,0,0,0,0,0,0,0,0,0,0,0,0,0,0
1,0,0,0,0,0,0,0,0,0,0,0,0,0,0,0,0,0,0,0,0,0,0,0,0,0,0,0,0,0,0,0,0,0,0,0,0,0,0,0,0,0,0,0,0,0,0,0,0,0,0,0,0,0,0,0,0,0,0,0,0,0,0,0,0,0,0,0,0,0,0,0,0,0,0,0,0,0,0,0,0,0,0,0,0,0,0,0,0,0,0,0,0,0,0,0,0,0,0,0,0,0,0,0,0,0,0,0,0,0,0,0,0,0,0,0,0,0,0,0,0,0,0,0,0,0,0,0,0,0,7,176,254,224,0,0,0,0,0,0,0,0,0,0,0,0,0,0,0,0,0,0,0,0,0,0,0,0,51,253,253,223,0,0,0,0,0,0,0,0,0,0,0,0,0,0,0,0,0,0,0,0,0,0,0,4,170,253,253,214,0,0,0,0,0,0,0,0,0,0,0,0,0,0,0,0,0,0,0,0,0,0,0,131,253,253,217,39,0,0,0,0,0,0,0,0,0,0,0,0,0,0,0,0,0,0,0,0,0,0,0,209,253,253,134,0,0,0,0,0,0,0,0,0,0,0,0,0,0,0,0,0,0,0,0,0,0,0,75,240,253,239,26,0,0,0,0,0,0,0,0,0,0,0,0,0,0,0,0,0,0,0,0,0,0,0,184,253,245,63,0,0,0,0,0,0,0,0,0,0,0,0,0,0,0,0,0,0,0,0,0,0,0,142,255,253,185,0,0,0,0,0,0,0,0,0,0,0,0,0,0,0,0,0,0,0,0,0,0,0,62,229,254,242,73,0,0,0,0,0,0,0,0,0,0,0,0,0,0,0,0,0,0,0,0,0,0,54,229,253,254,105,0,0,0,0,0,0,0,0,0,0,0,0,0,0,0,0,0,0,0,0,0,0,0,152,254,254,213,26,0,0,0,0,0,0,0,0,0,0,0,0,0,0,0,0,0,0,0,0,0,0,32,243,253,253,115,0,0,0,0,0,0,0,0,0,0,0,0,0,0,0,0,0,0,0,0,0,0,2,142,253,253,155,0,0,0,0,0,0,0,0,0,0,0,0,0,0,0,0,0,0,0,0,0,0,0,30,253,253,232,55,0,0,0,0,0,0,0,0,0,0,0,0,0,0,0,0,0,0,0,0,0,0,0,75,253,253,164,0,0,0,0,0,0,0,0,0,0,0,0,0,0,0,0,0,0,0,0,0,0,0,72,232,253,189,17,0,0,0,0,0,0,0,0,0,0,0,0,0,0,0,0,0,0,0,0,0,0,0,224,253,253,163,0,0,0,0,0,0,0,0,0,0,0,0,0,0,0,0,0,0,0,0,0,0,0,43,235,253,253,195,21,0,0,0,0,0,0,0,0,0,0,0,0,0,0,0,0,0,0,0,0,0,0,28,231,253,253,184,14,0,0,0,0,0,0,0,0,0,0,0,0,0,0,0,0,0,0,0,0,0,0,0,225,253,253,75,0,0,0,0,0,0,0,0,0,0,0,0,0,0,0,0,0,0,0,0,0,0,0,0,0,0,0,0,0,0,0,0,0,0,0,0,0,0,0,0,0,0,0,0,0,0,0,0,0,0,0,0,0,0,0,0,0,0,0,0,0,0,0,0,0,0,0,0,0,0,0,0,0,0,0,0,0,0,0,0,0,0,0,0,0,0,0,0,0,0,0,0,0,0,0,0,0,0,0,0,0,0,0,0,0,0,0,0,0,0,0,0,0,0,0,0,0,0,0,0,0,0,0,0,0,0,0
0,0,0,0,0,0,0,0,0,0,0,0,0,0,0,0,0,0,0,0,0,0,0,0,0,0,0,0,0,0,0,0,0,0,0,0,0,0,0,0,0,0,0,0,0,0,0,0,0,0,0,0,0,0,0,0,0,0,0,0,0,0,0,0,0,0,0,0,0,0,0,0,0,0,0,0,0,0,0,0,0,0,0,0,0,0,0,0,0,0,0,0,0,0,0,0,0,0,0,0,0,0,0,0,0,0,0,0,0,0,0,0,0,0,0,0,0,0,0,0,0,0,0,0,0,0,0,0,0,0,0,0,0,0,0,0,0,0,0,0,0,0,0,0,0,0,0,0,0,0,0,0,0,0,0,21,176,253,253,124,0,0,0,0,0,0,0,0,0,0,0,0,0,0,0,0,0,0,0,0,0,0,105,176,251,251,251,251,105,0,0,0,0,0,0,0,0,0,0,0,0,0,0,0,0,0,0,0,58,217,241,253,251,251,251,251,243,113,5,0,0,0,0,0,0,0,0,0,0,0,0,0,0,0,0,63,231,251,251,253,251,251,251,251,253,251,113,0,0,0,0,0,0,0,0,0,0,0,0,0,0,0,0,144,251,251,251,253,251,251,251,251,253,251,215,0,0,0,0,0,0,0,0,0,0,0,0,0,0,0,125,253,253,253,253,255,253,253,253,253,255,253,227,42,0,0,0,0,0,0,0,0,0,0,0,0,0,0,253,251,251,251,251,253,251,251,251,251,253,251,251,142,0,0,0,0,0,0,0,0,0,0,0,0,0,27,253,251,251,235,241,253,251,246,137,35,98,251,251,236,61,0,0,0,0,0,0,0,0,0,0,0,47,211,253,251,235,82,103,253,251,137,0,0,73,251,251,251,71,0,0,0,0,0,0,0,0,0,0,27,211,251,253,251,86,0,0,72,71,10,0,0,73,251,251,173,20,0,0,0,0,0,0,0,0,0,0,89,253,253,255,253,35,0,0,0,0,0,0,0,73,253,253,253,72,0,0,0,0,0,0,0,0,0,84,236,251,251,253,251,138,0,0,0,0,0,0,0,73,251,251,251,71,0,0,0,0,0,0,0,0,63,236,251,251,251,227,251,246,138,11,0,0,0,16,37,228,251,246,137,10,0,0,0,0,0,0,0,0,73,251,251,251,173,42,142,142,142,41,0,0,0,109,251,253,251,137,0,0,0,0,0,0,0,0,0,0,73,251,251,173,20,0,0,0,0,0,0,0,27,211,251,253,147,10,0,0,0,0,0,0,0,0,0,0,73,253,253,143,0,0,0,0,0,0,21,176,253,253,253,0,0,0,0,0,0,0,0,0,0,0,0,0,73,251,251,205,144,0,0,0,0,0,176,251,251,188,107,0,0,0,0,0,0,0,0,0,0,0,0,0,62,236,251,251,251,218,217,217,217,217,253,230,189,20,0,0,0,0,0,0,0,0,0,0,0,0,0,0,0,83,158,251,251,253,251,251,251,251,253,107,0,0,0,0,0,0,0,0,0,0,0,0,0,0,0,0,0,0,37,251,251,253,251,251,251,122,72,30,0,0,0,0,0,0,0,0,0,0,0,0,0,0,0,0,0,0,0,0,0,0,0,0,0,0,0,0,0,0,0,0,0,0,0,0,0,0,0,0,0,0,0,0,0,0,0,0,0,0,0,0,0,0,0,0,0,0,0,0,0,0,0,0,0,0,0,0,0,0,0,0,0,0,0,0,0,0,0,0,0,0,0,0,0,0,0,0,0,0,0,0,0,0,0,0
1,0,0,0,0,0,0,0,0,0,0,0,0,0,0,0,0,0,0,0,0,0,0,0,0,0,0,0,0,0,0,0,0,0,0,0,0,0,0,0,0,0,0,0,0,0,0,0,0,0,0,0,0,0,0,0,0,0,0,0,0,0,0,0,0,0,0,0,0,0,0,0,0,0,0,0,0,0,0,0,0,0,0,0,0,0,0,0,0,0,0,0,0,0,0,0,0,0,0,0,0,0,0,0,0,0,0,0,0,0,0,0,0,0,0,0,0,0,0,0,0,0,0,0,0,0,0,0,0,0,0,0,0,0,0,0,0,0,0,0,0,0,0,0,0,0,0,0,0,0,0,68,45,131,131,131,101,68,92,44,0,0,0,0,0,0,0,0,0,0,0,0,0,0,0,0,0,0,0,0,0,0,0,0,0,0,0,19,170,0,0,0,0,0,0,0,0,0,0,0,0,0,0,0,0,0,0,0,0,0,0,29,112,89,0,40,222,0,0,0,0,0,0,0,0,0,0,0,0,0,0,0,0,0,0,0,0,0,0,120,254,251,127,40,222,0,0,0,0,0,0,0,0,0,0,0,0,0,0,0,0,0,0,0,0,0,0,197,254,254,91,40,222,0,0,0,0,0,0,0,0,0,0,0,0,0,0,0,0,0,0,0,0,0,64,247,254,236,50,40,107,0,0,0,0,0,0,0,0,0,0,0,0,0,0,0,0,0,0,0,0,0,184,254,254,91,0,6,14,0,0,0,0,0,0,0,0,0,0,0,0,0,0,0,0,0,0,0,0,0,203,254,254,71,0,0,0,0,0,0,0,0,0,0,0,0,0,0,0,0,0,0,0,0,0,0,0,23,218,254,254,71,0,0,0,0,0,0,0,0,0,0,0,0,0,0,0,0,0,0,0,0,0,0,0,113,254,255,239,53,0,0,0,0,0,0,0,0,0,0,0,0,0,0,0,0,0,0,0,0,0,0,0,210,254,254,195,0,0,0,0,0,0,0,0,0,0,0,0,0,0,0,0,0,0,0,0,0,0,0,62,242,254,241,88,0,0,0,28,0,0,0,0,0,0,0,0,0,0,0,0,0,0,0,0,0,0,0,86,254,254,189,0,0,0,28,104,0,0,0,0,0,0,0,0,0,0,0,0,0,0,0,0,0,0,0,106,254,254,168,0,0,0,40,91,0,0,0,0,0,0,0,0,0,0,0,0,0,0,0,0,0,0,0,216,254,245,51,0,0,0,35,80,0,0,0,0,0,0,0,0,0,0,0,0,0,0,0,0,0,0,0,216,254,102,0,0,0,0,0,0,0,0,0,0,0,0,0,0,0,0,0,0,0,0,0,0,0,0,55,239,254,52,0,0,0,0,0,0,0,0,0,0,0,0,0,0,0,0,0,0,0,0,0,0,0,0,166,254,210,23,0,0,0,0,0,0,0,0,0,0,0,0,0,0,0,0,0,0,0,0,0,0,0,0,223,252,104,0,0,0,0,0,0,0,0,0,0,0,0,0,0,0,0,0,0,0,0,0,0,0,0,0,223,169,0,0,0,0,0,0,0,0,0,0,0,0,0,0,0,0,0,0,0,0,0,0,0,0,0,0,0,0,0,0,0,0,0,0,0,0,0,0,0,0,0,0,0,0,0,0,0,0,0,0,0,0,0,0,0,0,0,0,0,0,0,0,0,0,0,0,0,0,0,0,0,0,0,0,0,0,0,0,0,0,0,0,0,0,0,0,0,0,0,0,0,0,0,0,0,0,0,0,0,0
0,0,0,0,0,0,0,0,0,0,0,0,0,0,0,0,0,0,0,0,0,0,0,0,0,0,0,0,0,0,0,0,0,0,0,0,0,0,0,0,0,0,0,0,0,0,0,0,0,0,0,0,0,0,0,0,0,0,0,0,0,0,0,0,0,0,0,0,0,0,0,0,0,0,0,0,0,0,0,0,0,0,0,0,0,0,0,0,0,0,0,0,0,0,0,0,0,0,0,0,0,0,0,0,0,0,0,0,0,0,0,0,0,0,0,0,0,0,0,0,0,0,0,0,0,29,170,255,255,141,0,0,0,0,0,0,0,0,0,0,0,0,0,0,0,0,0,0,0,0,0,29,198,255,255,255,226,255,86,0,0,0,0,0,0,0,0,0,0,0,0,0,0,0,0,0,0,0,141,255,255,170,29,0,86,255,255,141,0,0,0,0,0,0,0,0,0,0,0,0,0,0,0,0,29,226,255,198,57,0,0,0,0,226,255,255,226,114,0,0,0,0,0,0,0,0,0,0,0,0,0,29,255,255,114,0,0,0,0,0,0,141,170,114,255,255,141,0,0,0,0,0,0,0,0,0,0,0,0,226,255,170,0,0,0,0,0,0,0,29,57,0,0,141,255,226,0,0,0,0,0,0,0,0,0,0,57,255,170,0,0,0,0,0,0,0,0,0,0,0,0,0,114,255,198,0,0,0,0,0,0,0,0,0,226,255,0,0,0,0,0,0,0,0,0,0,0,0,0,0,0,170,255,57,0,0,0,0,0,0,0,0,255,226,0,0,0,0,0,0,0,0,0,0,0,0,0,0,0,0,255,170,0,0,0,0,0,0,0,0,255,170,0,0,0,0,0,0,0,0,0,0,0,0,0,0,0,0,114,198,0,0,0,0,0,0,0,0,255,226,0,0,0,0,0,0,0,0,0,0,0,0,0,0,0,0,86,255,0,0,0,0,0,0,0,0,198,255,0,0,0,0,0,0,0,0,0,0,0,0,0,0,0,0,86,255,0,0,0,0,0,0,0,0,114,255,57,0,0,0,0,0,0,0,0,0,0,0,0,0,0,0,86,255,0,0,0,0,0,0,0,0,29,255,226,0,0,0,0,0,0,0,0,0,0,0,0,0,0,0,141,255,0,0,0,0,0,0,0,0,0,170,255,170,0,0,0,0,0,0,0,0,0,0,0,0,0,0,226,198,0,0,0,0,0,0,0,0,0,29,226,255,170,0,0,0,0,0,0,0,0,0,0,0,0,29,255,114,0,0,0,0,0,0,0,0,0,0,29,226,255,141,0,0,0,0,0,0,0,0,0,0,57,226,226,0,0,0,0,0,0,0,0,0,0,0,0,0,141,255,255,170,86,0,0,0,0,29,86,226,255,226,29,0,0,0,0,0,0,0,0,0,0,0,0,0,0,86,198,255,255,255,255,255,255,255,255,255,141,29,0,0,0,0,0,0,0,0,0,0,0,0,0,0,0,0,0,29,114,170,170,170,170,170,86,0,0,0,0,0,0,0,0,0,0,0,0,0,0,0,0,0,0,0,0,0,0,0,0,0,0,0,0,0,0,0,0,0,0,0,0,0,0,0,0,0,0,0,0,0,0,0,0,0,0,0,0,0,0,0,0,0,0,0,0,0,0,0,0,0,0,0,0,0,0,0,0,0,0,0,0,0,0,0,0,0,0,0,0,0,0,0,0,0,0,0,0,0,0,0,0,0,0,0,0,0,0,0,0,0,0,0,0,0,0,0,0,0,0,0,0,0,0,0,0
0,0,0,0,0,0,0,0,0,0,0,0,0,0,0,0,0,0,0,0,0,0,0,0,0,0,0,0,0,0,0,0,0,0,0,0,0,0,0,0,0,0,0,0,0,0,0,0,0,0,0,0,0,0,0,0,0,0,0,0,0,0,0,0,0,0,0,0,0,0,0,0,0,0,0,0,0,0,0,0,0,0,0,0,0,0,0,0,0,0,0,0,0,0,0,0,0,0,0,0,0,0,0,0,0,0,0,0,0,0,0,0,0,0,0,0,0,0,0,0,0,0,0,0,0,0,0,0,0,0,0,0,0,0,0,0,0,0,0,0,0,0,0,0,0,0,0,0,0,0,0,0,0,203,254,252,252,252,214,51,20,0,0,0,0,0,0,0,0,0,0,0,0,0,0,0,0,0,0,0,62,221,252,250,250,250,252,250,160,20,0,0,0,0,0,0,0,0,0,0,0,0,0,0,0,0,0,62,211,250,252,250,250,250,252,250,250,49,0,0,0,0,0,0,0,0,0,0,0,0,0,0,0,0,41,221,250,250,252,250,250,250,252,250,128,10,0,0,0,0,0,0,0,0,0,0,0,0,0,0,0,0,254,252,252,252,254,252,252,252,254,252,252,90,0,0,0,0,0,0,0,0,0,0,0,0,0,0,0,0,150,190,250,250,252,250,250,169,171,250,250,250,82,0,0,0,0,0,0,0,0,0,0,0,0,0,0,0,31,191,250,250,252,189,100,20,172,250,250,250,80,0,0,0,0,0,0,0,0,0,0,0,0,0,0,0,213,250,250,250,212,29,0,0,252,250,250,250,0,0,0,0,0,0,0,0,0,0,0,0,0,0,0,0,92,252,252,252,0,0,0,0,51,252,252,252,203,0,0,0,0,0,0,0,0,0,0,0,0,0,0,82,252,250,250,169,0,0,0,0,132,250,250,250,121,0,0,0,0,0,0,0,0,0,0,0,0,0,92,231,252,250,159,20,0,0,0,0,252,250,250,250,0,0,0,0,0,0,0,0,0,0,0,0,0,0,30,211,252,250,221,40,0,0,0,0,90,250,250,250,163,0,0,0,0,0,0,0,0,0,0,0,0,0,31,213,254,232,80,0,0,0,0,0,92,252,252,212,163,0,0,0,0,0,0,0,0,0,0,0,0,0,151,250,252,149,0,0,0,0,0,0,252,250,250,49,0,0,0,0,0,0,0,0,0,0,0,0,0,0,60,221,252,210,60,0,0,0,0,0,252,250,250,49,0,0,0,0,0,0,0,0,0,0,0,0,0,0,0,202,252,250,221,40,0,0,123,202,252,250,250,49,0,0,0,0,0,0,0,0,0,0,0,0,0,0,123,243,255,252,252,252,254,252,252,252,254,252,100,0,0,0,0,0,0,0,0,0,0,0,0,0,0,0,0,121,171,250,250,250,252,250,250,250,252,250,100,0,0,0,0,0,0,0,0,0,0,0,0,0,0,0,0,0,20,160,250,250,252,250,250,250,252,189,40,0,0,0,0,0,0,0,0,0,0,0,0,0,0,0,0,0,0,20,170,250,252,250,128,49,49,29,0,0,0,0,0,0,0,0,0,0,0,0,0,0,0,0,0,0,0,0,0,0,0,0,0,0,0,0,0,0,0,0,0,0,0,0,0,0,0,0,0,0,0,0,0,0,0,0,0,0,0,0,0,0,0,0,0,0,0,0,0,0,0,0,0,0,0,0,0,0,0,0,0,0,0,0,0,0,0,0,0,0,0,0,0,0,0,0,0,0,0,0,0
1,0,0,0,0,0,0,0,0,0,0,0,0,0,0,0,0,0,0,0,0,0,0,0,0,0,0,0,0,0,0,0,0,0,0,0,0,0,0,0,0,0,0,0,0,0,0,0,0,0,0,0,0,0,0,0,0,0,0,0,0,0,0,0,0,0,0,0,0,0,0,0,0,0,0,0,0,0,0,0,0,0,0,0,0,0,0,0,0,0,0,0,0,0,0,0,0,0,64,191,70,0,0,0,0,0,0,0,0,0,0,0,0,0,0,0,0,0,0,0,0,0,0,0,0,68,243,253,249,63,0,0,0,0,0,0,0,0,0,0,0,0,0,0,0,0,0,0,0,0,0,0,30,223,253,253,247,41,0,0,0,0,0,0,0,0,0,0,0,0,0,0,0,0,0,0,0,0,0,73,238,253,253,253,242,0,0,0,0,0,0,0,0,0,0,0,0,0,0,0,0,0,0,0,0,0,73,236,253,253,253,253,242,0,0,0,0,0,0,0,0,0,0,0,0,0,0,0,0,0,0,0,0,0,182,253,253,191,247,253,149,0,0,0,0,0,0,0,0,0,0,0,0,0,0,0,0,0,0,0,0,0,141,253,143,86,249,253,122,0,0,0,0,0,0,0,0,0,0,0,0,0,0,0,0,0,0,0,0,0,9,36,7,14,233,253,122,0,0,0,0,0,0,0,0,0,0,0,0,0,0,0,0,0,0,0,0,0,0,0,0,0,230,253,122,0,0,0,0,0,0,0,0,0,0,0,0,0,0,0,0,0,0,0,0,0,0,0,0,0,230,253,122,0,0,0,0,0,0,0,0,0,0,0,0,0,0,0,0,0,0,0,0,0,0,0,0,0,231,255,123,0,0,0,0,0,0,0,0,0,0,0,0,0,0,0,0,0,0,0,0,0,0,0,0,0,230,253,52,0,0,0,0,0,0,0,0,0,0,0,0,0,0,0,0,0,0,0,0,0,0,0,0,61,245,253,0,0,0,0,0,0,0,0,0,0,0,0,0,0,0,0,0,0,0,0,0,0,0,0,0,98,253,253,0,0,0,0,35,12,0,0,0,0,0,0,0,0,0,0,0,0,0,0,0,0,0,0,0,98,253,253,0,0,9,142,233,146,0,0,0,0,0,0,0,0,0,0,0,0,0,0,0,0,0,0,0,190,253,253,128,7,99,253,253,180,0,0,0,0,0,0,0,0,0,0,0,0,0,0,0,0,0,0,29,230,253,253,252,210,253,253,253,140,0,0,0,0,0,0,0,0,0,0,0,0,0,0,0,0,0,28,207,253,253,253,254,253,253,235,70,9,0,0,0,0,0,0,0,0,0,0,0,0,0,0,0,0,0,126,253,253,253,253,254,253,168,19,0,0,0,0,0,0,0,0,0,0,0,0,0,0,0,0,0,0,0,79,253,253,201,190,132,63,5,0,0,0,0,0,0,0,0,0,0,0,0,0,0,0,0,0,0,0,0,0,0,0,0,0,0,0,0,0,0,0,0,0,0,0,0,0,0,0,0,0,0,0,0,0,0,0,0,0,0,0,0,0,0,0,0,0,0,0,0,0,0,0,0,0,0,0,0,0,0,0,0,0,0,0,0,0,0,0,0,0,0,0,0,0,0,0,0,0,0,0,0,0,0,0,0,0,0,0,0,0,0,0,0,0,0,0,0,0,0,0,0,0,0,0,0,0,0,0,0,0,0,0,0,0,0,0,0,0,0,0,0,0,0,0,0,0,0,0,0,0,0,0,0,0,0,0,0,0,0
1,0,0,0,0,0,0,0,0,0,0,0,0,0,0,0,0,0,0,0,0,0,0,0,0,0,0,0,0,0,0,0,0,0,0,0,0,0,0,0,0,0,0,0,0,0,0,0,0,0,0,0,0,0,0,0,0,0,0,0,0,0,0,0,0,0,0,0,0,0,0,0,0,0,0,0,0,0,0,0,0,0,0,0,0,0,0,0,0,0,0,0,0,0,0,0,0,0,0,0,0,0,0,0,0,0,0,0,0,0,0,0,0,0,0,0,0,0,0,0,0,0,0,0,0,26,240,72,0,0,0,0,0,0,0,0,0,0,0,0,0,0,0,0,0,0,0,0,0,0,0,0,0,25,238,208,0,0,0,0,0,0,0,0,0,0,0,0,0,0,0,0,0,0,0,0,0,0,0,0,0,0,209,226,14,0,0,0,0,0,0,0,0,0,0,0,0,0,0,0,0,0,0,0,0,0,0,0,0,0,209,254,43,0,0,0,0,0,0,0,0,0,0,0,0,0,0,0,0,0,0,0,0,0,0,0,0,0,175,254,128,0,0,0,0,0,0,0,0,0,0,0,0,0,0,0,0,0,0,0,0,0,0,0,0,0,63,254,204,0,0,0,0,0,0,0,0,0,0,0,0,0,0,0,0,0,0,0,0,0,0,0,0,0,107,254,204,0,0,0,0,0,0,0,0,0,0,0,0,0,0,0,0,0,0,0,0,0,0,0,0,0,88,254,204,0,0,0,0,0,0,0,0,0,0,0,0,0,0,0,0,0,0,0,0,0,0,0,0,0,55,254,204,0,0,0,0,0,0,0,0,0,0,0,0,0,0,0,0,0,0,0,0,0,0,0,0,0,126,254,204,0,0,0,0,0,0,0,0,0,0,0,0,0,0,0,0,0,0,0,0,0,0,0,0,0,126,254,189,0,0,0,0,0,0,0,0,0,0,0,0,0,0,0,0,0,0,0,0,0,0,0,0,0,169,254,121,0,0,0,0,0,0,0,0,0,0,0,0,0,0,0,0,0,0,0,0,0,0,0,0,0,209,254,193,0,0,0,0,0,0,0,0,0,0,0,0,0,0,0,0,0,0,0,0,0,0,0,0,0,209,254,111,0,0,0,0,0,0,0,0,0,0,0,0,0,0,0,0,0,0,0,0,0,0,0,0,22,235,254,37,0,0,0,0,0,0,0,0,0,0,0,0,0,0,0,0,0,0,0,0,0,0,0,0,137,254,227,16,0,0,0,0,0,0,0,0,0,0,0,0,0,0,0,0,0,0,0,0,0,0,0,0,205,255,185,0,0,0,0,0,0,0,0,0,0,0,0,0,0,0,0,0,0,0,0,0,0,0,0,0,205,254,125,0,0,0,0,0,0,0,0,0,0,0,0,0,0,0,0,0,0,0,0,0,0,0,0,0,205,254,125,0,0,0,0,0,0,0,0,0,0,0,0,0,0,0,0,0,0,0,0,0,0,0,0,0,111,212,43,0,0,0,0,0,0,0,0,0,0,0,0,0,0,0,0,0,0,0,0,0,0,0,0,0,0,0,0,0,0,0,0,0,0,0,0,0,0,0,0,0,0,0,0,0,0,0,0,0,0,0,0,0,0,0,0,0,0,0,0,0,0,0,0,0,0,0,0,0,0,0,0,0,0,0,0,0,0,0,0,0,0,0,0,0,0,0,0,0,0,0,0,0,0,0,0,0,0,0,0,0,0,0,0,0,0,0,0,0,0,0,0,0,0,0,0,0,0,0,0,0,0,0,0,0
0,0,0,0,0,0,0,0,0,0,0,0,0,0,0,0,0,0,0,0,0,0,0,0,0,0,0,0,0,0,0,0,0,0,0,0,0,0,0,0,0,0,0,0,0,0,0,0,0,0,0,0,0,0,0,0,0,0,0,0,0,0,0,0,0,0,0,0,0,0,0,0,0,0,0,0,0,0,0,0,0,0,0,0,0,0,0,0,0,0,0,0,0,0,0,0,0,0,0,0,0,0,0,0,0,0,0,0,0,0,0,0,0,0,0,0,0,0,0,0,0,0,0,0,0,0,0,0,0,0,0,0,0,0,0,0,0,0,0,0,0,0,0,0,0,0,0,0,0,0,0,0,0,0,0,62,91,213,255,228,91,12,0,0,0,0,0,0,0,0,0,0,0,0,0,0,0,0,0,0,0,0,70,230,253,253,253,253,253,152,7,0,0,0,0,0,0,0,0,0,0,0,0,0,0,0,0,0,0,0,246,253,253,253,253,253,253,253,106,0,0,0,0,0,0,0,0,0,0,0,0,0,0,0,0,0,0,21,247,253,253,253,253,253,253,208,24,0,0,0,0,0,0,0,0,0,0,0,0,0,0,0,0,0,0,156,253,253,253,253,253,253,253,195,0,0,0,0,0,0,0,0,0,0,0,0,0,0,0,0,0,0,88,238,253,253,253,221,253,253,253,195,0,0,0,0,0,0,0,0,0,0,0,0,0,0,0,0,0,0,230,253,253,253,198,40,177,253,253,195,0,0,0,0,0,0,0,0,0,0,0,0,0,0,0,0,56,156,251,253,189,182,15,0,86,240,253,210,28,0,0,0,0,0,0,0,0,0,0,0,0,0,0,0,213,253,253,156,3,0,0,0,0,205,253,253,106,0,0,0,0,0,0,0,0,0,0,0,0,0,0,121,252,253,135,3,0,0,0,0,0,46,253,253,106,0,0,0,0,0,0,0,0,0,0,0,0,0,28,212,253,248,23,0,0,0,0,0,0,42,253,253,106,0,0,0,0,0,0,0,0,0,0,0,0,0,197,253,234,70,0,0,0,0,0,0,0,42,253,253,106,0,0,0,0,0,0,0,0,0,0,0,0,11,202,253,187,0,0,0,0,0,0,0,0,58,253,210,27,0,0,0,0,0,0,0,0,0,0,0,0,107,253,253,40,0,0,0,0,0,0,0,53,227,253,195,0,0,0,0,0,0,0,0,0,0,0,0,0,107,253,253,40,0,0,0,0,0,0,47,227,253,231,58,0,0,0,0,0,0,0,0,0,0,0,0,0,107,253,253,40,0,0,0,0,5,131,222,253,231,59,0,0,0,0,0,0,0,0,0,0,0,0,0,0,14,204,253,226,222,73,58,58,170,253,253,227,58,0,0,0,0,0,0,0,0,0,0,0,0,0,0,0,0,197,253,253,253,253,253,253,253,253,238,58,0,0,0,0,0,0,0,0,0,0,0,0,0,0,0,0,0,33,179,241,253,253,253,253,250,116,14,0,0,0,0,0,0,0,0,0,0,0,0,0,0,0,0,0,0,0,0,75,179,253,151,89,86,0,0,0,0,0,0,0,0,0,0,0,0,0,0,0,0,0,0,0,0,0,0,0,0,0,0,0,0,0,0,0,0,0,0,0,0,0,0,0,0,0,0,0,0,0,0,0,0,0,0,0,0,0,0,0,0,0,0,0,0,0,0,0,0,0,0,0,0,0,0,0,0,0,0,0,0,0,0,0,0,0,0,0,0,0,0,0,0,0,0,0,0,0,0,0,0,0
2,0,0,0,0,0,0,0,0,0,0,0,0,0,0,0,0,0,0,0,0,0,0,0,0,0,0,0,0,0,0,0,0,0,0,0,0,0,0,0,0,0,0,0,0,0,0,0,0,0,0,0,0,0,0,0,0,0,0,0,0,0,0,0,0,0,0,0,0,0,0,0,0,0,0,0,0,0,0,0,0,0,0,0,0,0,0,0,0,0,0,0,0,0,0,0,0,0,0,0,0,0,0,0,0,0,0,0,0,0,0,0,0,0,0,0,0,0,0,0,0,0,0,0,0,34,80,80,80,58,0,0,0,0,0,0,0,0,0,0,0,0,0,0,0,0,0,0,0,0,138,159,159,199,254,254,254,228,66,0,0,0,0,0,0,0,0,0,0,0,0,0,0,0,0,39,62,160,252,254,254,254,254,233,233,254,245,67,0,0,0,0,0,0,0,0,0,0,0,0,0,0,45,212,254,254,254,186,114,114,114,74,75,251,254,201,0,0,0,0,0,0,0,0,0,0,0,0,0,0,233,254,244,210,58,18,0,0,0,0,30,249,254,201,0,0,0,0,0,0,0,0,0,0,0,0,0,0,131,131,100,0,0,0,0,0,0,0,168,254,254,201,0,0,0,0,0,0,0,0,0,0,0,0,0,0,0,0,0,0,0,0,0,0,0,71,237,254,254,61,0,0,0,0,0,0,0,0,0,0,0,0,0,0,0,0,0,0,0,0,0,0,4,157,254,254,192,15,0,0,0,0,0,0,0,0,0,0,0,0,0,0,0,0,0,0,0,0,0,4,140,254,254,203,29,0,0,0,0,0,0,0,0,0,0,0,0,0,0,0,0,0,0,0,0,0,0,107,254,254,254,123,0,0,0,0,0,0,0,0,0,0,0,0,0,0,0,0,0,0,0,0,0,0,18,204,254,196,87,3,0,0,0,0,0,0,0,0,0,0,0,0,0,0,0,0,0,0,0,0,0,35,212,254,252,121,0,0,0,0,0,0,0,0,0,0,0,0,0,0,0,0,0,0,0,0,0,0,0,124,254,192,101,0,0,0,0,0,0,0,0,0,0,0,0,0,0,0,0,0,0,0,0,0,0,0,77,242,249,118,0,0,0,0,0,0,0,0,0,0,0,0,0,0,0,0,0,0,0,0,0,0,0,0,221,254,228,0,0,0,0,0,0,0,0,0,0,0,0,0,0,0,0,0,0,0,0,0,0,0,0,0,196,254,250,124,0,0,0,0,0,0,0,0,0,0,0,0,0,0,0,0,0,0,0,0,0,0,0,0,45,254,254,196,116,76,0,112,48,0,0,16,116,116,116,116,0,0,0,0,0,0,0,0,0,0,0,0,11,154,254,254,254,234,194,253,219,194,194,203,254,241,237,237,0,0,0,0,0,0,0,0,0,0,0,0,0,77,157,198,254,254,254,254,254,254,254,173,157,38,0,0,0,0,0,0,0,0,0,0,0,0,0,0,0,0,0,33,78,78,78,78,78,78,78,13,0,0,0,0,0,0,0,0,0,0,0,0,0,0,0,0,0,0,0,0,0,0,0,0,0,0,0,0,0,0,0,0,0,0,0,0,0,0,0,0,0,0,0,0,0,0,0,0,0,0,0,0,0,0,0,0,0,0,0,0,0,0,0,0,0,0,0,0,0,0,0,0,0,0,0,0,0,0,0,0,0,0,0,0,0,0,0,0,0,0,0,0,0,0,0,0,0,0,0,0,0,0,0,0,0,0,0,0,0,0,0,0,0,0,0,0,0,0,0
1,0,0,0,0,0,0,0,0,0,0,0,0,0,0,0,0,0,0,0,0,0,0,0,0,0,0,0,0,0,0,0,0,0,0,0,0,0,0,0,0,0,0,0,0,0,0,0,0,0,0,0,0,0,0,0,0,0,0,0,0,0,0,0,0,0,0,0,0,0,0,0,0,0,0,0,0,0,0,0,0,0,0,0,0,0,0,0,0,0,0,0,0,0,0,0,0,0,0,0,0,0,0,0,0,0,0,0,0,0,0,0,0,0,0,0,0,0,0,0,0,0,0,0,0,0,0,0,0,0,0,0,0,0,0,0,0,0,0,0,0,0,0,0,0,0,0,0,0,0,0,0,0,0,0,0,0,42,228,253,253,0,0,0,0,0,0,0,0,0,0,0,0,0,0,0,0,0,0,0,0,0,0,0,0,144,251,251,251,0,0,0,0,0,0,0,0,0,0,0,0,0,0,0,0,0,0,0,0,0,0,0,89,236,251,235,215,0,0,0,0,0,0,0,0,0,0,0,0,0,0,0,0,0,0,0,0,0,0,79,253,251,251,142,0,0,0,0,0,0,0,0,0,0,0,0,0,0,0,0,0,0,0,0,0,0,0,180,253,251,251,142,0,0,0,0,0,0,0,0,0,0,0,0,0,0,0,0,0,0,0,0,0,0,32,202,255,253,216,0,0,0,0,0,0,0,0,0,0,0,0,0,0,0,0,0,0,0,0,0,0,0,109,251,253,251,112,0,0,0,0,0,0,0,0,0,0,0,0,0,0,0,0,0,0,0,0,0,0,6,129,251,253,127,5,0,0,0,0,0,0,0,0,0,0,0,0,0,0,0,0,0,0,0,0,0,0,37,251,251,253,107,0,0,0,0,0,0,0,0,0,0,0,0,0,0,0,0,0,0,0,0,0,0,0,166,251,251,201,30,0,0,0,0,0,0,0,0,0,0,0,0,0,0,0,0,0,0,0,0,0,0,42,228,253,253,0,0,0,0,0,0,0,0,0,0,0,0,0,0,0,0,0,0,0,0,0,0,0,0,144,251,251,147,0,0,0,0,0,0,0,0,0,0,0,0,0,0,0,0,0,0,0,0,0,0,0,63,236,251,251,71,0,0,0,0,0,0,0,0,0,0,0,0,0,0,0,0,0,0,0,0,0,0,0,150,251,251,204,41,0,0,0,0,0,0,0,0,0,0,0,0,0,0,0,0,0,0,0,0,0,0,0,253,251,251,142,0,0,0,0,0,0,0,0,0,0,0,0,0,0,0,0,0,0,0,0,0,0,0,0,255,253,164,0,0,0,0,0,0,0,0,0,0,0,0,0,0,0,0,0,0,0,0,0,0,0,0,105,253,251,35,0,0,0,0,0,0,0,0,0,0,0,0,0,0,0,0,0,0,0,0,0,0,0,0,180,253,251,35,0,0,0,0,0,0,0,0,0,0,0,0,0,0,0,0,0,0,0,0,0,0,0,0,180,253,251,35,0,0,0,0,0,0,0,0,0,0,0,0,0,0,0,0,0,0,0,0,0,0,0,0,180,253,251,35,0,0,0,0,0,0,0,0,0,0,0,0,0,0,0,0,0,0,0,0,0,0,0,0,0,0,0,0,0,0,0,0,0,0,0,0,0,0,0,0,0,0,0,0,0,0,0,0,0,0,0,0,0,0,0,0,0,0,0,0,0,0,0,0,0,0,0,0,0,0,0,0,0,0,0,0,0,0,0,0,0,0,0,0,0,0,0,0,0,0,0,0,0,0,0,0,0,0,0
1,0,0,0,0,0,0,0,0,0,0,0,0,0,0,0,0,0,0,0,0,0,0,0,0,0,0,0,0,0,0,0,0,0,0,0,0,0,0,0,0,0,0,0,0,0,0,0,0,0,0,0,0,0,0,0,0,0,0,0,0,0,0,0,0,0,0,0,0,0,0,0,0,0,0,0,0,0,0,0,0,0,0,0,0,0,0,0,0,0,0,0,0,0,0,0,0,0,0,0,0,0,0,0,0,0,0,0,0,0,0,0,0,0,0,0,0,0,0,0,0,0,0,0,0,0,0,0,62,254,213,0,0,0,0,0,0,0,0,0,0,0,0,0,0,0,0,0,0,0,0,0,0,0,0,0,102,253,252,102,20,0,0,0,0,0,0,0,0,0,0,0,0,0,0,0,0,0,0,0,0,0,0,0,102,254,253,254,50,0,0,0,0,0,0,0,0,0,0,0,0,0,0,0,0,0,0,0,0,0,0,0,102,253,252,253,50,0,0,0,0,0,0,0,0,0,0,0,0,0,0,0,0,0,0,0,0,0,0,0,102,254,253,254,50,0,0,0,0,0,0,0,0,0,0,0,0,0,0,0,0,0,0,0,0,0,0,0,142,253,252,253,50,0,0,0,0,0,0,0,0,0,0,0,0,0,0,0,0,0,0,0,0,0,0,51,253,254,253,224,20,0,0,0,0,0,0,0,0,0,0,0,0,0,0,0,0,0,0,0,0,0,0,132,252,253,252,162,0,0,0,0,0,0,0,0,0,0,0,0,0,0,0,0,0,0,0,0,0,0,0,173,253,254,253,102,0,0,0,0,0,0,0,0,0,0,0,0,0,0,0,0,0,0,0,0,0,0,82,253,252,253,252,61,0,0,0,0,0,0,0,0,0,0,0,0,0,0,0,0,0,0,0,0,0,0,203,254,253,254,233,0,0,0,0,0,0,0,0,0,0,0,0,0,0,0,0,0,0,0,0,0,0,41,243,253,252,253,111,0,0,0,0,0,0,0,0,0,0,0,0,0,0,0,0,0,0,0,0,0,0,132,253,254,253,203,0,0,0,0,0,0,0,0,0,0,0,0,0,0,0,0,0,0,0,0,0,0,41,253,252,253,252,40,0,0,0,0,0,0,0,0,0,0,0,0,0,0,0,0,0,0,0,0,0,11,213,254,253,254,151,0,0,0,0,0,0,0,0,0,0,0,0,0,0,0,0,0,0,0,0,0,0,92,252,253,252,192,50,0,0,0,0,0,0,0,0,0,0,0,0,0,0,0,0,0,0,0,0,0,21,214,253,255,253,41,0,0,0,0,0,0,0,0,0,0,0,0,0,0,0,0,0,0,0,0,0,0,142,253,252,253,171,0,0,0,0,0,0,0,0,0,0,0,0,0,0,0,0,0,0,0,0,0,0,113,253,255,253,203,40,0,0,0,0,0,0,0,0,0,0,0,0,0,0,0,0,0,0,0,0,0,0,30,131,233,111,0,0,0,0,0,0,0,0,0,0,0,0,0,0,0,0,0,0,0,0,0,0,0,0,0,0,0,0,0,0,0,0,0,0,0,0,0,0,0,0,0,0,0,0,0,0,0,0,0,0,0,0,0,0,0,0,0,0,0,0,0,0,0,0,0,0,0,0,0,0,0,0,0,0,0,0,0,0,0,0,0,0,0,0,0,0,0,0,0,0,0,0,0,0,0,0,0,0,0,0,0,0,0,0,0,0,0,0,0,0,0,0,0,0,0,0,0,0,0,0,0,0,0,0,0,0,0,0
0,0,0,0,0,0,0,0,0,0,0,0,0,0,0,0,0,0,0,0,0,0,0,0,0,0,0,0,0,0,0,0,0,0,0,0,0,0,0,0,0,0,0,0,0,0,0,0,0,0,0,0,0,0,0,0,0,0,0,0,0,0,0,0,0,0,0,0,0,0,0,0,0,0,0,0,0,0,0,0,0,0,0,0,0,0,0,0,0,0,0,0,0,0,0,0,0,0,0,0,0,0,0,0,0,0,0,0,0,0,0,0,0,0,0,0,0,0,0,0,0,0,0,0,0,0,0,0,0,0,0,0,0,0,0,0,0,0,0,0,0,0,0,0,0,0,0,0,0,0,0,0,0,0,28,195,254,254,254,254,254,255,61,0,0,0,0,0,0,0,0,0,0,0,0,0,0,0,0,0,0,6,191,253,253,253,253,253,253,253,60,0,0,0,0,0,0,0,0,0,0,0,0,0,0,0,0,0,26,190,253,253,253,253,240,191,242,253,60,0,0,0,0,0,0,0,0,0,0,0,0,0,0,0,0,15,187,253,253,253,253,253,200,0,211,253,60,0,0,0,0,0,0,0,0,0,0,0,0,0,0,0,22,66,253,253,253,253,241,209,44,23,218,253,60,0,0,0,0,0,0,0,0,0,0,0,0,0,0,0,124,253,253,253,253,253,182,0,0,131,253,253,60,0,0,0,0,0,0,0,0,0,0,0,0,0,0,0,38,217,253,253,244,111,37,0,0,131,253,253,60,0,0,0,0,0,0,0,0,0,0,0,0,0,0,0,124,253,253,253,165,0,0,0,22,182,253,253,60,0,0,0,0,0,0,0,0,0,0,0,0,0,0,0,124,253,253,240,45,0,0,0,53,253,253,249,58,0,0,0,0,0,0,0,0,0,0,0,0,0,0,16,168,253,216,45,0,0,0,0,53,253,253,138,0,0,0,0,0,0,0,0,0,0,0,0,0,0,0,159,253,253,147,0,0,0,0,0,53,253,253,138,0,0,0,0,0,0,0,0,0,0,0,0,0,0,136,252,253,227,5,0,0,0,0,0,53,253,243,101,0,0,0,0,0,0,0,0,0,0,0,0,0,0,140,253,253,124,0,0,0,0,0,0,156,253,218,0,0,0,0,0,0,0,0,0,0,0,0,0,0,13,164,253,142,5,0,0,0,0,0,32,233,253,218,0,0,0,0,0,0,0,0,0,0,0,0,0,0,62,253,253,130,0,0,0,0,0,37,203,253,253,127,0,0,0,0,0,0,0,0,0,0,0,0,0,0,62,253,253,147,36,36,36,36,151,222,253,245,127,8,0,0,0,0,0,0,0,0,0,0,0,0,0,0,34,202,253,253,253,253,253,253,253,253,253,200,0,0,0,0,0,0,0,0,0,0,0,0,0,0,0,0,0,140,253,253,253,253,253,253,253,248,235,65,0,0,0,0,0,0,0,0,0,0,0,0,0,0,0,0,0,87,173,253,253,253,253,253,253,182,0,0,0,0,0,0,0,0,0,0,0,0,0,0,0,0,0,0,0,0,14,78,96,253,253,253,137,56,0,0,0,0,0,0,0,0,0,0,0,0,0,0,0,0,0,0,0,0,0,0,0,0,0,0,0,0,0,0,0,0,0,0,0,0,0,0,0,0,0,0,0,0,0,0,0,0,0,0,0,0,0,0,0,0,0,0,0,0,0,0,0,0,0,0,0,0,0,0,0,0,0,0,0,0,0,0,0,0,0,0,0,0,0,0,0,0,0,0,0,0,0,0,0,0
2,0,0,0,0,0,0,0,0,0,0,0,0,0,0,0,0,0,0,0,0,0,0,0,0,0,0,0,0,0,0,0,0,0,0,0,0,0,0,0,0,0,0,0,0,0,0,0,0,0,0,0,0,0,0,0,0,0,0,0,0,0,0,0,0,0,0,0,0,0,0,0,0,0,0,0,0,0,0,0,0,0,0,0,0,0,0,0,0,0,0,0,0,0,0,8,78,156,209,165,43,11,0,0,0,0,0,0,0,0,0,0,0,0,0,0,0,0,0,0,0,0,116,157,252,252,252,252,253,205,51,0,0,0,0,0,0,0,0,0,0,0,0,0,0,0,0,0,0,0,211,253,252,252,252,252,253,252,225,7,0,0,0,0,0,0,0,0,0,0,0,0,0,0,0,0,0,0,211,253,252,252,252,252,227,252,252,196,28,0,0,0,0,0,0,0,0,0,0,0,0,0,0,0,0,0,211,253,252,252,226,59,42,182,252,252,129,0,0,0,0,0,0,0,0,0,0,0,0,0,0,0,0,0,212,254,222,106,0,0,0,36,224,253,253,62,0,0,0,0,0,0,0,0,0,0,0,0,0,0,0,0,53,63,16,0,0,0,0,0,48,252,252,141,0,0,0,0,0,0,0,0,0,0,0,0,0,0,0,0,0,0,0,0,0,0,0,0,11,210,252,215,6,0,0,0,0,0,0,0,0,0,0,0,0,0,0,0,0,0,0,0,0,0,0,0,0,99,252,253,63,0,0,0,0,0,0,0,0,0,0,0,0,0,0,0,0,0,0,0,0,0,0,0,0,11,218,253,63,0,0,0,0,0,0,0,0,0,0,0,0,0,0,0,0,0,0,0,0,0,0,0,0,0,212,255,63,0,0,0,0,0,0,0,0,0,0,0,0,0,0,0,0,15,85,85,85,85,85,57,0,0,211,253,107,0,0,0,0,0,0,0,0,0,0,0,0,0,2,92,127,192,252,252,252,252,253,246,232,232,249,253,63,0,0,0,0,0,0,0,0,0,0,0,0,0,92,252,252,253,252,252,252,252,253,252,252,252,252,253,133,0,0,0,0,0,0,0,0,0,0,0,0,0,215,252,252,253,252,252,252,252,253,252,252,252,252,253,203,9,0,0,0,0,0,0,0,0,0,0,0,85,253,253,253,194,106,53,0,0,62,120,156,253,253,255,253,188,0,0,0,0,0,0,0,0,0,0,0,85,252,252,252,129,57,71,0,71,146,211,252,252,252,160,231,231,0,0,0,0,0,0,0,0,0,0,0,85,252,252,252,253,246,249,232,249,253,252,252,252,244,53,51,72,0,0,0,0,0,0,0,0,0,0,0,64,247,252,252,253,252,252,252,252,253,252,252,236,66,0,0,0,0,0,0,0,0,0,0,0,0,0,0,0,56,252,252,253,252,252,252,252,253,252,235,31,0,0,0,0,0,0,0,0,0,0,0,0,0,0,0,0,0,0,0,0,0,0,0,0,0,0,0,0,0,0,0,0,0,0,0,0,0,0,0,0,0,0,0,0,0,0,0,0,0,0,0,0,0,0,0,0,0,0,0,0,0,0,0,0,0,0,0,0,0,0,0,0,0,0,0,0,0,0,0,0,0,0,0,0,0,0,0,0,0,0,0,0,0,0,0,0,0,0,0,0,0,0,0,0,0,0,0,0,0,0,0,0,0,0,0,0,0,0,0,0,0,0,0,0,0,0,0,0,0,0,0,0,0,0,0,0,0,0,0,0,0,0,0,0,0,0,0,0,0
0,0,0,0,0,0,0,0,0,0,0,0,0,0,0,0,0,0,0,0,0,0,0,0,0,0,0,0,0,0,0,0,0,0,0,0,0,0,0,0,0,0,0,0,0,0,0,0,0,0,0,0,0,0,0,0,0,0,0,0,0,0,0,0,0,0,0,0,0,0,0,0,0,0,0,0,0,0,0,0,0,0,0,0,0,0,0,0,0,0,0,0,0,0,0,0,0,0,0,0,0,0,0,0,0,0,0,0,0,0,0,0,0,0,0,0,0,0,0,0,0,0,0,8,76,202,254,255,163,37,2,0,0,0,0,0,0,0,0,0,0,0,0,0,0,0,0,0,0,0,13,182,253,253,253,253,253,253,23,0,0,0,0,0,0,0,0,0,0,0,0,0,0,0,0,0,0,15,179,253,253,212,91,218,253,253,179,109,0,0,0,0,0,0,0,0,0,0,0,0,0,0,0,0,0,105,253,253,160,35,156,253,253,253,253,250,113,0,0,0,0,0,0,0,0,0,0,0,0,0,0,0,19,212,253,253,88,121,253,233,128,91,245,253,248,114,0,0,0,0,0,0,0,0,0,0,0,0,0,0,104,253,253,110,2,142,253,90,0,0,26,199,253,248,63,0,0,0,0,0,0,0,0,0,0,0,0,1,173,253,253,29,0,84,228,39,0,0,0,72,251,253,215,29,0,0,0,0,0,0,0,0,0,0,0,36,253,253,203,13,0,0,0,0,0,0,0,0,82,253,253,170,0,0,0,0,0,0,0,0,0,0,0,36,253,253,164,0,0,0,0,0,0,0,0,0,11,198,253,184,6,0,0,0,0,0,0,0,0,0,0,36,253,253,82,0,0,0,0,0,0,0,0,0,0,138,253,253,35,0,0,0,0,0,0,0,0,0,0,128,253,253,47,0,0,0,0,0,0,0,0,0,0,48,253,253,35,0,0,0,0,0,0,0,0,0,0,154,253,253,47,0,0,0,0,0,0,0,0,0,0,48,253,253,35,0,0,0,0,0,0,0,0,0,0,102,253,253,99,0,0,0,0,0,0,0,0,0,0,48,253,253,35,0,0,0,0,0,0,0,0,0,0,36,253,253,164,0,0,0,0,0,0,0,0,0,16,208,253,211,17,0,0,0,0,0,0,0,0,0,0,32,244,253,175,4,0,0,0,0,0,0,0,0,44,253,253,156,0,0,0,0,0,0,0,0,0,0,0,0,171,253,253,29,0,0,0,0,0,0,0,30,217,253,188,19,0,0,0,0,0,0,0,0,0,0,0,0,171,253,253,59,0,0,0,0,0,0,60,217,253,253,70,0,0,0,0,0,0,0,0,0,0,0,0,0,78,253,253,231,48,0,0,0,26,128,249,253,244,94,15,0,0,0,0,0,0,0,0,0,0,0,0,0,8,151,253,253,234,101,121,219,229,253,253,201,80,0,0,0,0,0,0,0,0,0,0,0,0,0,0,0,0,38,232,253,253,253,253,253,253,253,201,66,0,0,0,0,0,0,0,0,0,0,0,0,0,0,0,0,0,0,0,0,0,0,0,0,0,0,0,0,0,0,0,0,0,0,0,0,0,0,0,0,0,0,0,0,0,0,0,0,0,0,0,0,0,0,0,0,0,0,0,0,0,0,0,0,0,0,0,0,0,0,0,0,0,0,0,0,0,0,0,0,0,0,0,0,0,0,0,0,0,0,0,0,0,0,0,0,0,0,0,0,0,0,0,0,0,0,0,0,0,0,0,0,0,0,0,0,0,0,0,0,0
0,0,0,0,0,0,0,0,0,0,0,0,0,0,0,0,0,0,0,0,0,0,0,0,0,0,0,0,0,0,0,0,0,0,0,0,0,0,0,0,0,0,0,0,0,0,0,0,0,0,0,0,0,0,0,0,0,0,0,0,0,0,0,0,0,0,0,0,0,0,0,0,0,0,0,0,0,0,0,0,0,0,0,0,0,0,0,0,0,0,0,0,0,0,0,0,0,0,0,0,0,0,0,0,0,0,0,0,0,0,0,0,0,0,0,0,0,0,0,0,0,0,0,0,0,0,0,68,254,255,254,107,0,0,0,0,0,0,0,0,0,0,0,0,0,0,0,0,0,0,0,0,0,11,176,230,253,253,253,212,0,0,0,0,0,0,0,0,0,0,0,0,0,0,0,0,0,0,0,0,28,197,253,253,253,253,253,229,107,14,0,0,0,0,0,0,0,0,0,0,0,0,0,0,0,0,0,0,194,253,253,253,253,253,253,253,253,53,0,0,0,0,0,0,0,0,0,0,0,0,0,0,0,0,0,69,241,253,253,253,253,241,186,253,253,195,0,0,0,0,0,0,0,0,0,0,0,0,0,0,0,0,10,161,253,253,253,246,40,57,231,253,253,195,0,0,0,0,0,0,0,0,0,0,0,0,0,0,0,0,140,253,253,253,253,154,0,25,253,253,253,195,0,0,0,0,0,0,0,0,0,0,0,0,0,0,0,0,213,253,253,253,135,8,0,3,128,253,253,195,0,0,0,0,0,0,0,0,0,0,0,0,0,0,0,77,238,253,253,253,7,0,0,0,116,253,253,195,0,0,0,0,0,0,0,0,0,0,0,0,0,0,11,165,253,253,231,70,1,0,0,0,78,237,253,195,0,0,0,0,0,0,0,0,0,0,0,0,0,0,33,253,253,253,182,0,0,0,0,0,0,200,253,195,0,0,0,0,0,0,0,0,0,0,0,0,0,0,98,253,253,253,24,0,0,0,0,0,0,42,253,195,0,0,0,0,0,0,0,0,0,0,0,0,0,0,197,253,253,253,24,0,0,0,0,0,0,163,253,195,0,0,0,0,0,0,0,0,0,0,0,0,0,0,197,253,253,189,13,0,0,0,0,0,53,227,253,121,0,0,0,0,0,0,0,0,0,0,0,0,0,0,197,253,253,114,0,0,0,0,0,21,227,253,231,27,0,0,0,0,0,0,0,0,0,0,0,0,0,0,197,253,253,114,0,0,0,5,131,143,253,231,59,0,0,0,0,0,0,0,0,0,0,0,0,0,0,0,197,253,253,236,73,58,217,223,253,253,253,174,0,0,0,0,0,0,0,0,0,0,0,0,0,0,0,0,197,253,253,253,253,253,253,253,253,253,253,48,0,0,0,0,0,0,0,0,0,0,0,0,0,0,0,0,149,253,253,253,253,253,253,253,253,182,15,3,0,0,0,0,0,0,0,0,0,0,0,0,0,0,0,0,12,168,253,253,253,253,253,248,89,23,0,0,0,0,0,0,0,0,0,0,0,0,0,0,0,0,0,0,0,0,0,0,0,0,0,0,0,0,0,0,0,0,0,0,0,0,0,0,0,0,0,0,0,0,0,0,0,0,0,0,0,0,0,0,0,0,0,0,0,0,0,0,0,0,0,0,0,0,0,0,0,0,0,0,0,0,0,0,0,0,0,0,0,0,0,0,0,0,0,0,0,0,0,0,0,0,0,0,0,0,0,0,0,0,0,0,0,0,0,0,0,0,0,0,0,0,0,0,0,0,0,0,0
1,0,0,0,0,0,0,0,0,0,0,0,0,0,0,0,0,0,0,0,0,0,0,0,0,0,0,0,0,0,0,0,0,0,0,0,0,0,0,0,0,0,0,0,0,0,0,0,0,0,0,0,0,0,0,0,0,0,0,0,0,0,0,0,0,0,0,0,0,0,0,0,0,0,0,0,0,0,0,0,0,0,0,0,0,0,0,0,0,0,0,0,0,0,0,0,0,0,0,0,0,0,0,0,0,0,0,0,0,0,0,0,0,0,0,0,0,0,0,0,0,0,0,0,0,0,0,0,0,0,0,0,0,0,0,0,0,0,0,0,0,0,0,0,0,0,0,0,0,0,0,0,0,0,0,0,0,85,255,103,1,0,0,0,0,0,0,0,0,0,0,0,0,0,0,0,0,0,0,0,0,0,0,0,0,205,253,253,30,0,0,0,0,0,0,0,0,0,0,0,0,0,0,0,0,0,0,0,0,0,0,0,0,205,253,253,30,0,0,0,0,0,0,0,0,0,0,0,0,0,0,0,0,0,0,0,0,0,0,0,44,233,253,244,27,0,0,0,0,0,0,0,0,0,0,0,0,0,0,0,0,0,0,0,0,0,0,0,135,253,253,100,0,0,0,0,0,0,0,0,0,0,0,0,0,0,0,0,0,0,0,0,0,0,0,0,153,253,240,76,0,0,0,0,0,0,0,0,0,0,0,0,0,0,0,0,0,0,0,0,0,0,0,12,208,253,166,0,0,0,0,0,0,0,0,0,0,0,0,0,0,0,0,0,0,0,0,0,0,0,0,69,253,253,142,0,0,0,0,0,0,0,0,0,0,0,0,0,0,0,0,0,0,0,0,0,0,0,14,110,253,235,33,0,0,0,0,0,0,0,0,0,0,0,0,0,0,0,0,0,0,0,0,0,0,0,63,223,235,130,0,0,0,0,0,0,0,0,0,0,0,0,0,0,0,0,0,0,0,0,0,0,0,0,186,253,235,37,0,0,0,0,0,0,0,0,0,0,0,0,0,0,0,0,0,0,0,0,0,0,0,17,145,253,231,35,0,0,0,0,0,0,0,0,0,0,0,0,0,0,0,0,0,0,0,0,0,0,0,69,220,231,123,0,0,0,0,0,0,0,0,0,0,0,0,0,0,0,0,0,0,0,0,0,0,0,18,205,253,176,27,0,0,0,0,0,0,0,0,0,0,0,0,0,0,0,0,0,0,0,0,0,0,17,125,253,185,39,0,0,0,0,0,0,0,0,0,0,0,0,0,0,0,0,0,0,0,0,0,0,0,71,214,231,41,0,0,0,0,0,0,0,0,0,0,0,0,0,0,0,0,0,0,0,0,0,0,0,0,167,253,225,33,0,0,0,0,0,0,0,0,0,0,0,0,0,0,0,0,0,0,0,0,0,0,0,72,205,207,14,0,0,0,0,0,0,0,0,0,0,0,0,0,0,0,0,0,0,0,0,0,0,0,30,249,233,49,0,0,0,0,0,0,0,0,0,0,0,0,0,0,0,0,0,0,0,0,0,0,0,0,32,253,89,0,0,0,0,0,0,0,0,0,0,0,0,0,0,0,0,0,0,0,0,0,0,0,0,0,0,0,0,0,0,0,0,0,0,0,0,0,0,0,0,0,0,0,0,0,0,0,0,0,0,0,0,0,0,0,0,0,0,0,0,0,0,0,0,0,0,0,0,0,0,0,0,0,0,0,0,0,0,0,0,0,0,0,0,0,0,0,0,0,0,0,0,0,0,0,0,0,0,0,0,0
